"h1bvis.supp","indimm.supp","employed","female","age","expl.prejud","impl.prejud","nontech.whitcol","tech.whitcol","group"
1,1,1,1,31,0.300000012,0.337278247,1,0,"1"
0.75,0.75,0,0,64,0.349999994,0.569500744,0,0,"3"
0.25,0.25,0,1,69,0.25,0.596633792,0,0,"3"
0,0,0,0,49,0.850000024,0.739827871,0,0,"3"
0,0.25,0,1,51,NA,NA,0,0,"3"
0.5,0.25,1,1,61,0.25,0.441274971,0,0,"2"
0,0,0,1,64,NA,NA,0,0,"3"
0.5,0,0,1,47,0.449999988,0.332593828,0,0,"3"
1,0,0,0,67,0.550000012,0.216888696,0,0,"3"
0,0,0,0,43,NA,NA,0,0,"3"
0,0,0,0,43,0.5,0.8114447,0,0,"3"
0,0,1,1,50,NA,NA,0,0,"2"
0.25,0.5,1,1,42,0.300000012,0.618109882,0,0,"2"
0.5,0.5,0,1,39,0.25,0.432857662,0,0,"3"
1,0.5,0,0,21,0.25,0.277034283,0,0,"3"
1,0,1,1,26,0.850000024,0.785550117,1,0,"1"
1,0.75,1,0,42,0.449999988,0.867175221,0,0,"2"
0,0,0,1,40,0.400000006,0.587758601,0,0,"3"
0.5,0.5,1,0,41,0.25,0.389635563,0,0,"2"
0.25,0.5,0,0,46,0.5,0.529979229,0,0,"3"
0.25,0.5,0,0,19,NA,0.491626054,0,0,"3"
0.75,0.75,0,0,73,0.25,0.705141604,0,0,"3"
0.5,0.5,1,1,37,0,0.498642445,0,0,"2"
0,0.5,1,1,54,0.25,0.715193212,0,0,"2"
0,0.25,1,0,58,NA,0.409444153,0,0,"2"
0,0.5,1,1,41,NA,0.414873213,0,1,"0"
0.25,0.5,0,0,61,0.150000006,0.560610771,0,0,"3"
1,0.5,1,0,74,NA,NA,0,0,"2"
1,0.75,1,0,54,0.300000012,0.567260146,1,0,"1"
0.25,0.5,0,1,50,0.150000006,0.68263036,0,0,"3"
0.25,0.5,0,1,50,0.550000012,0.496400297,0,0,"3"
0.25,0.5,0,1,64,0.449999988,0.234256625,0,0,"3"
0.5,0.75,0,1,52,0.100000001,0.544386744,0,0,"3"
0.5,0.5,1,1,66,0.349999994,0.662804782,1,0,"1"
0.75,0.5,1,0,78,0.25,0.47575888,0,0,"2"
0,0,1,0,29,0.100000001,0.689346433,0,0,"2"
0,0,1,0,29,0,0.571261406,0,0,"2"
0.5,0.25,1,0,43,0.550000012,0.397902817,0,0,"2"
0,0.5,0,1,66,0.25,0.454478979,0,0,"3"
0.75,0.75,1,1,36,0.100000001,0.61758095,0,0,"2"
0.5,0.5,1,0,59,NA,NA,1,0,"1"
0.5,0.75,1,1,26,0.200000003,0.449992448,0,0,"2"
0.75,0.5,1,1,63,0.100000001,0.781399786,0,0,"2"
0.25,0.5,1,0,69,NA,0.835907102,0,0,"2"
0.25,0,1,1,63,0.200000003,0.609372079,0,0,"2"
0.5,0.25,1,1,34,0.400000006,0.629001915,0,0,"2"
0,0,1,0,36,0.449999988,0.584548771,0,0,"2"
0.25,0.5,0,1,19,NA,0.671515882,0,0,"3"
0.75,0.5,0,1,31,0.200000003,0.341566592,0,0,"3"
0.75,0.75,1,0,72,0.300000012,0.592726171,1,0,"1"
0.5,0.5,0,0,64,0.25,0.640539706,0,0,"3"
0.5,0.5,0,1,44,NA,NA,0,0,"3"
0,0,0,1,41,0.649999976,0.686931729,0,0,"3"
0.5,0.75,0,1,29,0.349999994,0.648367167,0,0,"3"
0.25,1,0,1,20,0.300000012,0.137079239,0,0,"3"
0.5,0.5,1,1,43,0.5,0.419218808,0,0,"2"
0.5,0.5,1,0,25,NA,NA,1,0,"1"
0.5,0.5,0,0,21,NA,0.340761036,0,0,"3"
0,0.5,1,1,47,0.5,0.61452508,1,0,"1"
0.5,0.5,0,1,85,0.349999994,0.690782964,0,0,"3"
1,0.5,1,1,33,NA,NA,0,0,"2"
0,0.25,1,0,21,NA,0.619366825,0,0,"2"
0.75,0.5,1,1,54,0.400000006,0.614551902,0,0,"2"
0.5,0.75,0,1,55,NA,NA,0,0,"3"
0.5,0.5,1,1,49,NA,0.43055746,0,0,"2"
0.5,0.5,1,0,64,NA,NA,1,0,"1"
0.5,0.5,1,0,29,0.349999994,0.737664521,0,0,"2"
0.5,0.5,0,1,20,0.400000006,0.510111213,0,0,"3"
0.75,0.5,0,0,20,0.300000012,0.447424948,0,0,"3"
0.25,0.25,1,1,40,0.449999988,0.327588439,0,0,"2"
1,0.75,0,0,42,0.300000012,0.704569817,0,0,"3"
0.75,0.75,1,0,52,0.300000012,0.747879863,1,0,"1"
0.5,0.75,0,0,46,0.25,0.552248955,0,0,"3"
0.25,0.25,1,0,47,0.449999988,0.863038182,0,1,"0"
0,0,0,1,78,0.400000006,0.704179049,0,0,"3"
0,1,0,1,39,0.449999988,0.361139476,0,0,"3"
0.25,0.25,1,1,24,0.25,0.620321572,0,0,"2"
0,0.25,0,1,50,0.449999988,0.619808674,0,0,"3"
0.25,0.5,0,1,28,0.600000024,0.458767176,0,0,"3"
0,0.5,0,0,52,0.150000006,0.553946197,0,0,"3"
0,0,0,0,36,0.400000006,0.380857766,0,0,"3"
0,0,0,0,56,NA,0.599506259,0,0,"3"
0.5,0,0,0,19,NA,NA,0,0,"3"
0.25,0.5,0,1,57,0.25,0.625973225,0,0,"3"
0,0.25,0,1,63,0.550000012,0.63200599,0,0,"3"
NA,NA,NA,NA,NA,NA,NA,NA,NA,NA
0,0,1,0,57,0.800000012,0.565499485,0,0,"2"
0,0,1,1,35,0.400000006,0.500746965,0,0,"2"
0,0,1,1,47,0.600000024,0.708052635,0,0,"2"
0,0.25,1,0,45,NA,NA,0,0,"2"
0.25,0.25,1,0,45,NA,NA,0,1,"0"
0.5,0,0,1,62,NA,0.706693053,0,0,"3"
0,0.25,1,1,54,0.5,0.730288625,0,0,"2"
0,0,0,1,34,0.300000012,0.554580152,0,0,"3"
0.5,0.5,1,1,49,0.25,0.666302145,0,0,"2"
0.25,0.5,0,1,59,0.100000001,0.688416362,0,0,"3"
0,0,0,0,63,0.300000012,0.622956753,0,0,"3"
0,0,0,0,66,0.150000006,0.578341365,0,0,"3"
0.25,0,1,1,53,0.25,0.4537974,0,0,"2"
0.25,0.25,0,1,60,0.150000006,0.617850125,0,0,"3"
0,0,0,1,59,0.200000003,0.552607775,0,0,"3"
0.5,1,1,1,37,0.400000006,0.398617268,0,0,"2"
NA,NA,NA,NA,NA,NA,NA,NA,NA,NA
0.25,0.25,0,1,28,0.300000012,0.693387151,0,0,"3"
0,0,0,1,62,0.25,0.409139335,0,0,"3"
0.5,0.5,0,0,77,0,0.745460391,0,0,"3"
0.5,0.5,0,1,45,0.25,0.616932809,0,0,"3"
0.5,0.5,1,1,62,0.200000003,0.616701603,0,0,"2"
0,0.5,0,1,80,0.200000003,0.156951442,0,0,"3"
0.5,0.5,1,0,62,NA,NA,0,0,"2"
1,0.5,1,1,29,0.400000006,0.600234151,0,0,"2"
0.25,0.25,1,0,46,0.200000003,0.537511528,0,0,"2"
0.75,0.75,1,1,40,NA,0.29146722,0,0,"2"
0.75,0.25,0,1,50,0.600000024,0.229696423,0,0,"3"
1,1,0,0,19,0.100000001,0.610476732,0,0,"3"
0.25,0.25,0,0,64,0.100000001,0.450438827,0,0,"3"
0.25,0.5,1,0,54,0.25,0.501968741,0,0,"2"
0.5,1,1,1,50,0.100000001,0.422017872,0,0,"2"
0.5,0.5,1,0,32,NA,0.564691424,0,0,"2"
0.5,0.75,0,1,58,NA,NA,0,0,"3"
1,1,1,0,28,0.349999994,0.533866465,0,0,"2"
0.5,0.5,1,1,54,NA,0.595983863,1,0,"1"
0.75,0.75,1,0,29,0.449999988,0.5159325,0,0,"2"
1,0.75,1,0,48,NA,NA,0,0,"2"
0.5,0.5,0,0,42,NA,NA,0,0,"3"
0,0.25,1,1,61,0.25,0.378222615,0,0,"2"
0,0,0,0,53,0.349999994,0.657969356,0,0,"3"
0.5,0.75,1,0,43,NA,0.363876551,0,0,"2"
0.25,0.5,0,0,65,NA,0.332252532,0,0,"3"
0.25,0.5,0,0,76,0.349999994,0.473598689,0,0,"3"
0,0.5,0,0,46,0.150000006,0.502165198,0,0,"3"
0.5,0,1,1,62,NA,0.521223903,0,0,"2"
0.5,0.75,1,1,58,0.25,0.36025697,0,0,"2"
0.5,0.5,0,0,19,0.5,0.631180227,0,0,"3"
0.5,0.5,1,0,39,0.100000001,0.590660393,0,1,"0"
0.5,0.25,1,1,25,0.5,0.760384858,0,0,"2"
0.5,0.25,0,1,19,0.25,0.402729601,0,0,"3"
0,0.5,1,1,41,0.349999994,1.11e-08,0,0,"2"
0.25,0.5,0,1,58,0.400000006,0.438217163,0,0,"3"
0.75,0.75,1,0,27,0.400000006,0.755501509,0,1,"0"
0.25,0.75,1,0,50,NA,NA,0,0,"2"
0.5,0.75,0,0,75,0.449999988,0.558272719,0,0,"3"
0.75,0.5,0,0,27,NA,0.362935036,0,0,"3"
1,0,0,0,51,0.5,0.607469857,0,0,"3"
0.5,0.25,1,1,26,0.300000012,0.552278817,0,0,"2"
0,0,0,1,35,0.5,0.459980637,0,0,"3"
0.5,0,1,1,24,0.400000006,0.482801676,0,0,"2"
0.5,0.5,1,1,27,NA,0.60014993,0,0,"2"
0.25,0.5,0,0,59,0.800000012,0.615296245,0,0,"3"
NA,NA,NA,NA,NA,NA,NA,NA,NA,NA
0,0.5,0,0,90,0.349999994,0.759450316,0,0,"3"
0.25,0.5,0,0,66,0.349999994,0.269029081,0,0,"3"
0,0,1,0,56,0.550000012,0.49767682,0,0,"2"
0.25,0.25,1,1,57,0.349999994,0.611937821,0,0,"2"
0.5,0.5,0,1,37,0.400000006,0.40877685,0,0,"3"
1,1,0,0,75,0.300000012,0.512435675,0,0,"3"
0.5,0.5,1,1,31,NA,NA,0,0,"2"
0.75,0.75,1,0,69,0.25,0.515591979,0,0,"2"
0.5,0.5,1,0,74,0.25,0.666936457,1,0,"1"
0,0,1,0,30,0.300000012,0.352778316,0,0,"2"
0,0,1,0,50,0.449999988,0.62651968,0,0,"2"
0.75,0.5,1,0,35,0.25,0.710788369,0,1,"0"
0.25,0,0,0,50,NA,NA,0,0,"3"
0.5,0.5,0,1,51,0,0.558093488,0,0,"3"
0.5,0.5,1,1,35,0.449999988,0.7280882,0,0,"2"
0,0.5,1,0,20,0.699999988,0.545266569,0,0,"2"
0.5,0.5,1,1,42,0.150000006,0.311291307,0,0,"2"
0.25,0.5,0,1,50,NA,NA,0,0,"3"
0,0,1,1,55,NA,0.634898067,0,0,"2"
1,0.75,1,0,58,0.200000003,0.657626927,0,1,"0"
0,0,1,1,54,NA,NA,0,0,"2"
0.5,0.5,0,0,70,NA,NA,0,0,"3"
0.25,0.25,0,0,59,0.300000012,0.727712452,0,0,"3"
0,0,1,1,55,NA,NA,0,0,"2"
0.25,0,0,1,65,0.550000012,0.284524024,0,0,"3"
0.25,0.25,0,1,57,0.25,0.750813246,0,0,"3"
0.5,0.25,1,1,25,0.150000006,0.338529915,0,0,"2"
0.5,0.5,1,0,55,0.150000006,0.50544405,0,0,"2"
0,0.25,0,1,58,0.150000006,0.596832335,0,0,"3"
0,0.25,1,1,31,0.699999988,0.576465607,0,0,"2"
1,1,1,0,37,0.400000006,0.53439045,1,0,"1"
0.5,0.75,1,0,33,0.25,0.816683471,0,0,"2"
0.5,0.5,1,1,65,0.200000003,0.733332813,0,0,"2"
0.5,0.5,1,0,52,0.200000003,0.558846354,0,0,"2"
0.25,0.5,0,1,81,0.25,0.63304776,0,0,"3"
0,0,0,1,32,NA,0.464962751,0,0,"3"
0,0,1,1,60,0.25,0.1309295,0,0,"2"
0,0,1,1,57,0.75,0.453554064,0,1,"0"
0.5,0.5,1,1,60,NA,NA,0,0,"2"
0.5,0.5,1,1,60,0.349999994,0.657693446,0,0,"2"
1,0.75,1,1,41,0.300000012,0.523912609,1,0,"1"
0.25,0.5,1,1,35,0.050000001,0.563490629,0,0,"2"
0,0,1,1,70,0.699999988,0.626563609,1,0,"1"
0.5,0.5,0,1,49,0.050000001,0.459304035,0,0,"3"
0.5,0.5,1,1,28,0.349999994,0.73876065,1,0,"1"
0.5,0.75,1,0,50,0.449999988,0.646304905,0,0,"2"
0.5,0.25,0,1,53,0.25,0.609706163,0,0,"3"
0,0,1,1,49,0.200000003,0.714599609,1,0,"1"
0.5,0.5,0,0,18,NA,0.655819952,0,0,"3"
0.5,0.5,1,0,51,0.349999994,0.454077423,0,0,"2"
0.25,0.5,0,0,57,NA,NA,0,0,"3"
0.25,0.5,0,1,67,0.150000006,0.698680937,0,0,"3"
0.5,0.25,0,0,30,0.550000012,0.567529142,0,0,"3"
0.5,0.75,1,1,23,NA,NA,0,0,"2"
0.75,0.75,1,0,22,0.600000024,0.143164665,0,0,"2"
0.25,0.5,0,1,42,0.300000012,0.637000263,0,0,"3"
0.75,0.25,1,0,19,0.300000012,0.532001317,0,0,"2"
0.75,0.5,1,1,55,NA,NA,0,0,"2"
0,0,0,1,41,0.5,0.60995388,0,0,"3"
0,0.5,0,1,58,0.349999994,0.716590524,0,0,"3"
0.25,0.25,1,0,39,0.449999988,0.373035252,0,0,"2"
0,0.25,0,1,48,NA,0.750750065,0,0,"3"
0.75,0.75,0,1,44,0.300000012,0.616619647,0,0,"3"
0.5,0.75,1,1,30,0.25,0.509168804,0,0,"2"
0.75,0.5,1,1,58,NA,0.623775244,0,0,"2"
0.25,0.25,1,1,47,NA,NA,0,0,"2"
0,0.5,0,1,54,0.200000003,0.602917492,0,0,"3"
0,0,1,1,47,NA,NA,0,0,"2"
0,0,0,1,27,0.5,0.302654415,0,0,"3"
0.25,0.25,1,0,43,0.25,0.648899794,0,0,"2"
0.5,0.5,1,1,48,NA,0.519233704,1,0,"1"
0.25,0.25,1,0,38,0.349999994,0.610356987,0,0,"2"
0.25,0.25,1,0,53,0.25,0.679090858,0,0,"2"
1,1,0,0,68,0.300000012,0.635694981,0,0,"3"
0,0,1,1,56,NA,0.524583817,0,0,"2"
0.5,0.5,0,1,60,NA,0.395062983,0,0,"3"
0.5,0.5,0,1,55,0,0.500142694,0,0,"3"
0.75,0.75,0,0,60,0.200000003,0.314865261,0,0,"3"
0.5,0.75,1,0,52,0.5,0.589589775,0,0,"2"
0.5,0.5,1,1,58,NA,0.690270543,0,0,"2"
0.75,0.25,0,1,76,0.300000012,0.693305075,0,0,"3"
0.5,0.25,1,0,43,0.100000001,0.394795626,0,0,"2"
0.5,0.5,1,0,79,NA,NA,0,0,"2"
0.25,0.5,1,0,79,0.349999994,0.685400546,0,0,"2"
0,0,1,1,49,0.349999994,0.412791222,0,0,"2"
0.75,0.75,1,1,33,0.400000006,0.51146251,0,0,"2"
0,0,1,1,23,0.649999976,0.577522337,1,0,"1"
0.25,0.5,1,0,50,0.349999994,0.649847448,0,0,"2"
0,0,1,0,50,0.25,0.718605638,0,1,"0"
0.25,0.5,0,1,61,0.300000012,0.65467149,0,0,"3"
0.75,0.5,1,1,47,0.200000003,0.4136222,0,0,"2"
0.5,0.5,0,1,69,0.300000012,0.684923232,0,0,"3"
0.5,0.5,0,1,33,0.349999994,0.836512923,0,0,"3"
0.5,0.5,1,1,41,0.400000006,0.653209865,0,1,"0"
0.75,0.75,0,1,76,0.25,0.444571882,0,0,"3"
1,0.5,1,1,53,0.25,0.656707108,0,0,"2"
0,0,0,0,73,0.449999988,0.786251485,0,0,"3"
0,0,1,1,48,0.699999988,0.642663181,0,0,"2"
0.75,0.5,1,1,34,NA,NA,0,0,"2"
0.75,0.5,1,1,34,0.200000003,0.634104729,0,0,"2"
0.25,0.5,1,0,53,0.349999994,0.563409209,0,0,"2"
0,0.5,1,1,54,0.150000006,0.775282145,0,1,"0"
0.5,0.75,1,1,28,NA,0.355286747,0,0,"2"
0.5,0.25,1,1,57,0.100000001,0.724374533,0,0,"2"
0.5,0.5,1,1,46,0.5,0.503537714,0,0,"2"
0.75,0.75,0,0,62,0.300000012,0.536383152,0,0,"3"
0,0,1,1,37,NA,NA,1,0,"1"
1,0.5,0,1,22,NA,NA,0,0,"3"
0.75,1,0,0,20,0.200000003,0.418763369,0,0,"3"
0.5,0,1,1,47,0.300000012,0.683628678,0,0,"2"
0.5,0,0,0,76,0.349999994,0.366481125,0,0,"3"
0,0,0,1,58,0.300000012,0.705247164,0,0,"3"
0.25,0,1,1,64,NA,NA,0,0,"2"
0.5,0.5,1,1,39,0.25,0.385704726,1,0,"1"
0.75,0.75,1,1,64,0.300000012,0.539132774,0,0,"2"
1,1,1,1,29,0.25,0.387229532,0,0,"2"
0.5,0.5,1,0,37,0.25,0.452975899,0,0,"2"
0.25,0.5,0,1,34,0.400000006,0.452150613,0,0,"3"
0,0.25,1,0,58,0.25,0.685100436,0,0,"2"
0,0,0,1,38,NA,0.464315504,0,0,"3"
0.75,1,1,0,26,0.550000012,0.481633753,0,0,"2"
0,0,0,1,38,0.200000003,0.574217916,0,0,"3"
0.5,0.5,1,0,39,0.200000003,0.645265102,0,0,"2"
0.75,0.5,0,1,19,NA,0.515137553,0,0,"3"
0.25,0.25,0,0,26,0.400000006,0.593720078,0,0,"3"
0.5,0.5,1,0,52,0.300000012,0.642542422,0,0,"2"
0.5,0.5,1,0,18,0,0.720956683,0,0,"2"
0.5,0.75,1,0,51,0.349999994,0.591226518,0,0,"2"
1,0.75,0,0,18,0.100000001,0.390518636,0,0,"3"
0.25,0.25,0,1,76,0.150000006,0.756302834,0,0,"3"
1,0.75,0,1,21,0.300000012,0.679968834,0,0,"3"
0.75,0.75,1,0,38,0.449999988,0.17980893,1,0,"1"
0.75,0.5,1,0,41,0.449999988,0.558277249,0,0,"2"
0.75,0.75,1,1,41,0.25,0.283783555,0,0,"2"
0,0,1,0,50,0.5,0.631697357,0,1,"0"
0.25,0.25,1,1,24,0.5,0.766684353,0,0,"2"
0.5,0.5,1,0,58,0.449999988,0.56538409,0,0,"2"
0,0.5,1,1,59,0.449999988,0.543093503,0,0,"2"
0,0.5,1,1,49,0.300000012,0.569621563,0,0,"2"
0,0,0,1,57,0.550000012,0.544038296,0,0,"3"
0.25,0.25,1,0,43,0.300000012,0.69006753,0,1,"0"
0.25,0.25,1,0,47,0.400000006,0.634562671,1,0,"1"
0,0,1,1,48,NA,NA,0,0,"2"
0,0,1,1,41,0.600000024,0.799078107,0,0,"2"
0.5,0.5,1,1,62,0.050000001,0.604792476,0,0,"2"
0.5,0.75,1,1,29,0.449999988,0.52549696,0,1,"0"
0.5,0.25,1,0,65,0.449999988,0.577057719,0,0,"2"
0,0,1,1,54,NA,0.586135507,1,0,"1"
1,0.5,1,0,49,0.349999994,0.600887716,0,0,"2"
0,0,1,1,42,0.5,0.536348343,1,0,"1"
0.5,0.5,0,1,73,0.5,0.676149964,0,0,"3"
0,0.25,1,0,64,0.300000012,0.914160013,1,0,"1"
0.5,0.5,1,1,52,0.300000012,0.733380437,0,0,"2"
0.25,0.5,1,1,28,0.150000006,0.509927154,0,0,"2"
0.25,0,1,0,54,0.25,0.397474617,0,0,"2"
0.25,0,1,1,41,0.600000024,0.566178799,0,0,"2"
0.5,0,1,1,54,0.25,0.249564052,0,0,"2"
0.5,0.5,1,0,69,0.349999994,0.818200469,0,0,"2"
0,0,1,0,69,NA,NA,0,0,"2"
0.75,0,1,1,58,NA,NA,0,0,"2"
0.5,0.5,0,0,69,0.25,0.674372911,0,0,"3"
0.25,0.75,1,0,21,0.25,0.468700558,0,0,"2"
0.75,0.5,1,0,70,0.649999976,0.58319062,0,0,"2"
0.5,0.5,1,1,28,NA,0.563850105,0,0,"2"
NA,NA,NA,NA,NA,NA,NA,NA,NA,NA
0,0.5,1,0,25,0.649999976,0.647650719,0,0,"2"
0.25,0,0,0,71,0.600000024,0.749912679,0,0,"3"
0.5,0.25,1,1,52,0.5,0.572654605,0,0,"2"
0.5,0.75,1,0,27,0.200000003,0.449233204,0,1,"0"
0,0.5,0,1,35,0.5,0.43000716,0,0,"3"
0.5,0.5,1,0,64,0.349999994,0.730041742,0,1,"0"
0.75,0.75,1,0,46,0.300000012,0.320948035,0,0,"2"
0,0.25,1,1,27,0,0.278806239,0,0,"2"
0.5,0.5,0,1,59,0.300000012,0.273723274,0,0,"3"
0.5,0.5,1,1,33,NA,0.326593965,1,0,"1"
1,0.5,0,1,48,0.25,0.768728316,0,0,"3"
0.75,0.25,0,1,71,0.300000012,0.695508838,0,0,"3"
1,0.75,0,1,29,0.100000001,0.53050822,0,0,"3"
0.5,0.5,1,1,65,0.300000012,0.362626404,0,0,"2"
1,0.75,1,0,55,0.200000003,0.715865016,0,0,"2"
0,0,1,1,47,0.449999988,0.746800423,0,0,"2"
0,0.75,0,0,19,0.200000003,0.688742459,0,0,"3"
0.75,0.5,1,1,42,0.400000006,0.240584195,0,0,"2"
0.5,0.5,1,1,37,0.150000006,0.394464254,0,1,"0"
0,0,1,0,41,0.800000012,0.516262829,0,0,"2"
0.25,0.5,1,1,20,NA,0.374746412,0,0,"2"
0.5,0.5,1,0,51,NA,0.410775661,0,0,"2"
0.5,0.5,0,1,46,0.5,0.599367738,0,0,"3"
0.25,0.5,1,1,33,0.200000003,0.38576737,0,0,"2"
0.5,0,1,1,57,0.100000001,0.719070733,1,0,"1"
0.5,0.5,1,1,37,0.300000012,0.646503985,0,0,"2"
0.5,0,1,1,55,0.400000006,0.677939594,0,0,"2"
0.25,0.5,1,1,47,0.400000006,0.599086225,0,0,"2"
0.5,0.5,1,0,42,0.400000006,0.224849448,0,0,"2"
0,0,0,1,37,NA,NA,0,0,"3"
0.25,0.5,1,1,57,0.050000001,0.647362947,0,1,"0"
0.5,0.5,1,1,45,0.300000012,0.49845013,0,1,"0"
0.75,0.5,1,1,32,0.25,0.589869797,0,0,"2"
NA,NA,NA,NA,NA,NA,NA,NA,NA,NA
0.5,0.5,1,1,32,0,0.309560359,0,0,"2"
0.5,0.5,1,1,61,0.400000006,0.366257101,1,0,"1"
0,0,1,1,46,NA,0.633532107,0,0,"2"
0.5,0.25,0,0,68,0.150000006,0.737355471,0,0,"3"
0.5,0.25,0,0,56,0.649999976,0.633348167,0,0,"3"
0,0.25,1,1,52,0.400000006,0.689538598,0,0,"2"
0,0.75,1,0,62,0.349999994,0.618360162,0,0,"2"
0.25,0.25,1,1,45,0.300000012,0.719810963,0,0,"2"
0,0,0,1,44,0.349999994,0.540047348,0,0,"3"
0,0,1,1,39,0.25,0.59112978,0,0,"2"
0.5,0.5,1,1,47,0,0.706958175,0,0,"2"
0.25,0.5,0,0,58,0.300000012,0.318485022,0,0,"3"
0.5,0.75,0,0,58,0,0.09336026,0,0,"3"
0,0,1,1,48,0.400000006,0.836219609,0,0,"2"
0.25,0.5,1,0,49,NA,0.549435616,0,0,"2"
0,0,0,1,67,0.5,0.43985638,0,0,"3"
0,0.25,0,1,54,0.400000006,0.733192563,0,0,"3"
1,1,1,0,53,0.150000006,0.481072068,0,0,"2"
0,0,0,1,66,0.349999994,0.579127192,0,0,"3"
0.5,0.25,0,0,54,0.400000006,0.547852039,0,0,"3"
0.25,0,1,1,43,0.200000003,0.51540488,0,0,"2"
1,0.75,1,1,58,NA,NA,0,1,"0"
0.25,0.25,1,1,46,0.150000006,0.209907591,0,1,"0"
0.25,0.25,0,1,37,NA,0.771309793,0,0,"3"
0,0,0,1,64,NA,0.497954398,0,0,"3"
0.5,0,0,1,67,0.5,0.462655872,0,0,"3"
0.5,0.5,0,1,67,NA,NA,0,0,"3"
0,0.25,1,1,35,NA,0.541913092,0,0,"2"
0,0,1,1,65,0.5,0.684282243,0,0,"2"
0,0,0,1,65,0.449999988,0.494398803,0,0,"3"
0.5,0.5,0,0,61,0.400000006,0.768520176,0,0,"3"
0.25,0.5,0,1,67,0.150000006,0.566812098,0,0,"3"
0,0,1,1,59,0.699999988,0.435085267,0,0,"2"
0,0,1,1,35,0.449999988,0.664983332,1,0,"1"
0.5,0.5,1,1,59,0.300000012,0.826500714,0,0,"2"
0,0,1,0,50,0.449999988,0.617722332,0,0,"2"
0,0.5,0,1,65,0.25,0.525030553,0,0,"3"
0,0,0,1,56,0.349999994,0.373683542,0,0,"3"
0.5,0.5,0,1,40,0.050000001,0.837768078,0,0,"3"
0.5,1,0,1,54,0,0.505766332,0,0,"3"
0,0,0,1,56,0.400000006,0.438122004,0,0,"3"
0.5,0.5,1,0,35,0.400000006,0.462360233,0,0,"2"
0.5,0.5,0,1,64,0.400000006,0.641313136,0,0,"3"
1,0.5,0,1,57,NA,NA,0,0,"3"
0.25,0.25,1,1,63,0,0.919221461,0,0,"2"
1,0.5,0,0,24,NA,0.643235266,0,0,"3"
0.5,0.75,0,1,22,0.400000006,0.459822595,0,0,"3"
0.5,0,1,0,41,0.300000012,0.587004006,0,1,"0"
0.5,0.25,1,1,53,0.5,0.736318409,0,0,"2"
0.5,0.5,0,0,55,0.349999994,0.647028804,0,0,"3"
0.5,0.5,1,1,50,NA,NA,0,0,"2"
0.5,0.25,1,1,59,0.400000006,0.73920393,0,0,"2"
0,0,1,1,26,0.150000006,0.450655252,0,0,"2"
0,0,0,1,58,0.400000006,0.588333964,0,0,"3"
0.5,0.5,1,0,39,NA,NA,0,1,"0"
0.5,0.5,0,0,73,0.5,0.706758797,0,0,"3"
0.25,0.25,1,1,27,NA,0.66245234,1,0,"1"
0,0.25,0,1,71,0.200000003,0.703535616,0,0,"3"
0,0,1,0,56,NA,0.569476783,1,0,"1"
1,0.5,1,1,52,0.300000012,0.429128528,0,0,"2"
0.5,0.5,1,0,29,0.25,0.531436563,0,0,"2"
0.75,0.5,1,0,26,0.400000006,0.468685508,0,0,"2"
0.5,0.5,0,1,66,0.050000001,0.831873536,0,0,"3"
0.5,0.5,1,1,39,0.300000012,0.82732904,0,0,"2"
0.25,0.25,0,0,32,0.5,0.999999702,0,0,"3"
0.75,0.75,1,1,43,0.349999994,0.525891423,0,0,"2"
0.25,1,1,0,50,NA,NA,0,0,"2"
0.5,0.75,1,1,27,0.25,0.721736431,0,0,"2"
0.5,0.5,1,1,63,NA,0.802913904,0,0,"2"
0.75,0.75,1,1,30,NA,NA,0,1,"0"
0,0,0,1,33,0.349999994,0.591056049,0,0,"3"
0.25,0.5,1,1,40,0.349999994,0.385591358,1,0,"1"
0.5,0.75,1,1,45,0.200000003,0.577350914,0,0,"2"
0.25,0,0,1,36,0.550000012,0.701678455,0,0,"3"
1,0.75,0,0,65,0.200000003,0.627341628,0,0,"3"
0.5,0.5,0,0,52,0.449999988,0.738019109,0,0,"3"
0.5,0,0,1,74,0.600000024,0.572528064,0,0,"3"
0.25,0,1,0,44,0.600000024,0.691087127,0,0,"2"
0.25,0.5,1,1,60,0.300000012,0.60757041,0,0,"2"
0.25,0,0,1,57,0.349999994,0.776302099,0,0,"3"
0,0,0,1,53,0.449999988,0.675637901,0,0,"3"
0,0,0,1,57,0.400000006,0.560262918,0,0,"3"
0,0,1,1,53,0.5,0.723630846,0,0,"2"
0.25,0,1,1,44,0.400000006,0.639655709,0,0,"2"
0,0,1,1,21,0.75,0.670218587,0,0,"2"
0.5,0,0,1,51,0,0.544925392,0,0,"3"
0.5,0,1,1,61,NA,0.655957282,0,0,"2"
0.25,0,1,1,34,0.550000012,0.651438594,0,0,"2"
0.25,0,1,1,42,NA,0.617744029,0,1,"0"
0.5,0.5,0,1,58,0.300000012,0.030460104,0,0,"3"
0.25,0.25,1,1,35,0.5,0.835833609,0,0,"2"
0.5,0.5,1,1,48,0.550000012,0.495205373,0,0,"2"
0,0,0,1,40,NA,0.726635754,0,0,"3"
0.25,0,0,1,71,0.349999994,0.557911158,0,0,"3"
0,0,0,1,74,0.449999988,0.805478573,0,0,"3"
0,0.25,0,1,51,0.25,0.355567902,0,0,"3"
0,0.25,0,1,32,0.349999994,0.495258272,0,0,"3"
0.25,0.5,1,0,40,0.200000003,0.505059958,0,0,"2"
0,0,1,1,43,0.5,0.474208802,0,0,"2"
0,0,1,0,35,0.75,0.449616075,0,1,"0"
0.5,0.5,0,1,35,0.400000006,0.436601698,0,0,"3"
0,0,0,1,52,0.050000001,0.79944104,0,0,"3"
0.5,0.5,1,0,49,0.449999988,0.420468062,0,1,"0"
0,0,1,1,53,NA,0.327703893,0,0,"2"
0.25,0.5,1,1,33,NA,NA,0,0,"2"
0.25,0.25,0,1,67,0.349999994,0.83128202,0,0,"3"
0.5,0.25,1,1,53,0.449999988,0.842616498,0,0,"2"
0,0.5,1,1,56,0.100000001,0.715605438,0,0,"2"
0.25,0,1,0,66,0.5,0.081400856,0,0,"2"
0.75,0.75,1,0,37,0.5,0.309565723,0,0,"2"
0.25,0.5,0,0,78,0.400000006,0.73753792,0,0,"3"
0.25,0.25,1,1,41,0.25,0.364518642,0,0,"2"
0,0.5,1,1,46,0.300000012,0.685615063,0,0,"2"
0.5,0.5,1,1,39,0.400000006,0.527243257,0,0,"2"
0.5,0.5,1,1,48,0.349999994,0.597118497,1,0,"1"
0.5,0.5,1,1,32,0.550000012,0.510825634,0,0,"2"
0,0.25,1,1,40,0.349999994,0.630297184,0,1,"0"
0,0,1,1,26,0.400000006,0.520371318,1,0,"1"
0,0,1,1,58,NA,NA,0,0,"2"
0.75,1,1,1,32,NA,NA,0,0,"2"
0,0,1,1,50,0.649999976,0.854118526,0,0,"2"
NA,NA,NA,NA,NA,NA,NA,NA,NA,NA
0,0.25,0,1,31,0,0.604166687,0,0,"3"
0.75,0.25,1,1,27,NA,NA,0,0,"2"
0,0.25,0,1,74,NA,0.868755043,0,0,"3"
0.25,0,0,1,53,0.899999976,0.672285199,0,0,"3"
0,0,1,1,40,NA,0.724169672,0,0,"2"
0.5,0.5,1,0,23,0.5,0.602695823,0,0,"2"
0.5,0.5,1,0,46,0,0.987520754,0,0,"2"
0,0,1,1,44,0.5,0.439016581,0,0,"2"
0,0,0,1,51,0.600000024,0.750073016,0,0,"3"
0.5,0.5,1,0,29,0.400000006,0.40713349,0,0,"2"
0.5,0.5,1,1,48,0.400000006,0.442890286,0,0,"2"
0,0,1,0,32,0.400000006,0.680528879,0,0,"2"
0.5,0.5,1,0,53,0.600000024,0.576880872,0,1,"0"
0.5,0.5,1,1,25,0.050000001,0.681353927,0,0,"2"
0,0.75,1,0,27,0.150000006,0.602541864,0,0,"2"
0.25,0.25,0,1,58,0.449999988,0.469327897,0,0,"3"
0.5,0,0,1,21,0.150000006,0.769493341,0,0,"3"
0.25,0,0,1,51,0.649999976,0.709326327,0,0,"3"
0,0,1,1,47,NA,0.59137404,0,0,"2"
1,0,0,1,30,NA,NA,0,0,"3"
1,0.5,0,1,23,0.550000012,0.772260964,0,0,"3"
0.25,0,1,1,63,0.200000003,0.589172184,0,0,"2"
0.75,0,1,0,26,0.449999988,0.584905684,0,1,"0"
0.5,0.75,1,0,60,0.100000001,0.508256495,0,0,"2"
0.25,0,0,1,54,0.300000012,0.569256604,0,0,"3"
0.5,0.75,1,0,60,0.150000006,0.704783916,0,1,"0"
0.5,0,1,1,44,NA,NA,0,0,"2"
0,0,0,1,41,0.5,0.235771522,0,0,"3"
0.5,0.25,1,1,32,0.5,0.729017794,0,0,"2"
0,0.25,1,1,46,0.349999994,0.396234661,0,0,"2"
0,0,1,0,60,NA,0.623965263,0,1,"0"
0.75,0.75,0,1,72,0.400000006,0.414532036,0,0,"3"
0,0,0,1,60,0.5,0.405106008,0,0,"3"
0.25,0.25,0,0,49,0.300000012,0.659099996,0,0,"3"
0.5,0.25,1,1,54,0.25,0.211706057,0,0,"2"
0.5,0,0,1,39,NA,0.563545346,0,0,"3"
0.5,0.5,1,1,39,NA,NA,0,0,"2"
0.25,0.5,1,0,25,0.5,0.31582135,0,1,"0"
0.25,0.5,0,1,36,0.200000003,0.653343976,0,0,"3"
0.25,0.5,0,1,53,0.5,0.681480706,0,0,"3"
0,0,1,1,70,0.150000006,0.157144636,0,0,"2"
0.5,0.5,0,1,51,0.349999994,0.554604948,0,0,"3"
0.25,0,0,1,50,NA,0.125341788,0,0,"3"
0,0,1,1,39,NA,0.808476567,0,0,"2"
0,0,1,0,25,0.75,0.681743383,0,0,"2"
0.25,0.25,1,1,58,0.300000012,0.814575791,0,0,"2"
0.25,0,1,1,39,NA,NA,0,0,"2"
0.5,0.5,0,1,46,0.400000006,0.59375602,0,0,"3"
0.5,0.5,1,1,24,0.449999988,0.466885805,0,0,"2"
0.75,0.75,1,1,49,0.100000001,0.837520003,0,0,"2"
0.25,0.5,1,1,35,0.300000012,0.773239315,0,0,"2"
0.25,0.5,0,1,59,0.050000001,0.696062565,0,0,"3"
0,0.5,0,0,59,NA,NA,0,0,"3"
0.25,0,1,1,54,0.400000006,0.527004778,0,0,"2"
1,0.5,1,1,62,0.300000012,0.608700812,0,0,"2"
1,1,0,1,40,0.200000003,0.679632068,0,0,"3"
0.25,0,0,1,40,NA,NA,0,0,"3"
0.5,0.5,0,1,31,0.5,0.449238122,0,0,"3"
0,0,1,0,56,0.349999994,0.651086152,0,0,"2"
0.5,0.25,0,0,56,0.600000024,0.813231945,0,0,"3"
0.75,0.5,1,1,53,0.300000012,0.475077003,0,0,"2"
0.75,0,1,1,52,0.5,0.540583551,0,0,"2"
0.75,0.5,1,0,23,NA,0.465028167,0,0,"2"
1,0,0,1,58,0.400000006,0.857436776,0,0,"3"
0,0.25,0,1,30,0.400000006,0.662789524,0,0,"3"
0,0.5,0,1,28,0.25,0.669361472,0,0,"3"
0,0.5,0,1,50,NA,0.833332658,0,0,"3"
0,0,0,0,56,NA,NA,0,0,"3"
0.25,0.5,1,0,30,0.349999994,0.491794884,0,0,"2"
0.5,0,0,1,41,NA,NA,0,0,"3"
0.25,0.5,1,1,65,0.349999994,0.428671896,0,0,"2"
0,0,1,0,27,NA,0.452281833,0,0,"2"
0,0,0,0,56,0.5,0.590141654,0,0,"3"
0,0,1,1,56,0.300000012,0.728292108,0,0,"2"
0.5,0.5,1,0,58,0.300000012,0.086486883,0,0,"2"
0.25,0,1,1,26,NA,0.580563426,0,0,"2"
0.25,0.5,1,1,44,0.300000012,0.457188994,0,0,"2"
0.5,0.5,0,1,32,0.150000006,0.716242313,0,0,"3"
0.25,0.25,0,1,47,0.300000012,0.376257747,0,0,"3"
0.5,0.5,1,0,50,0.200000003,0.650916457,0,0,"2"
0,0.5,1,1,41,NA,0.875834107,0,0,"2"
0.25,0,1,1,48,0.600000024,0.659503341,0,0,"2"
0.25,0.5,0,0,69,0.300000012,0.70277077,0,0,"3"
0.75,0.5,0,0,54,NA,NA,0,0,"3"
0,0,1,0,49,0.25,0.744603813,0,0,"2"
0.25,0.5,1,0,61,0.300000012,0.390930086,0,1,"0"
0.5,0.5,0,1,66,0.449999988,0.698767722,0,0,"3"
0.25,0.5,0,1,32,0.200000003,0.34227854,0,0,"3"
0.25,0.25,0,0,43,0.899999976,0.718142033,0,0,"3"
0.5,0,1,1,50,NA,0.757815421,0,0,"2"
0,0,0,1,33,0.400000006,0.688668787,0,0,"3"
0.25,0.75,0,1,73,0.349999994,0.780074358,0,0,"3"
0.25,0.25,0,1,71,0.349999994,0.551778138,0,0,"3"
0,0,1,0,47,0.100000001,0.345220983,0,1,"0"
0.75,0.5,1,1,45,0.25,0.506023645,0,0,"2"
0,0,1,0,36,0.5,0.383780807,0,0,"2"
0,0,1,1,55,NA,NA,0,0,"2"
0.5,0.5,0,1,62,0.349999994,0.580731392,0,0,"3"
0,0,1,0,51,0.5,0.738035679,0,0,"2"
0.5,0.25,1,1,51,0.25,0.543678284,0,0,"2"
0.25,0,1,0,42,0.25,0.577210724,0,0,"2"
0,0,0,1,68,0.75,0.758109033,0,0,"3"
0.5,0.75,0,0,55,0,0.380378634,0,0,"3"
0,0,0,1,64,0.699999988,0.765177667,0,0,"3"
0.5,0.5,1,1,54,0.25,0.670054078,0,0,"2"
1,1,0,0,77,0.300000012,0.380003393,0,0,"3"
0,0.25,1,1,51,0.25,0.639207065,0,0,"2"
0.25,0,0,0,66,0.800000012,0.61443758,0,0,"3"
0,0.25,1,1,61,0.150000006,0.561807334,1,0,"1"
0.25,0.5,0,1,53,0.25,0.551995456,0,0,"3"
0.5,0.5,1,0,50,0.100000001,0.49950543,0,1,"0"
0.5,0.5,0,0,61,0.5,0.741016388,0,0,"3"
0,0.25,1,0,66,0.449999988,0.273936749,0,0,"2"
0.5,0.5,1,1,53,0.449999988,0.357859045,0,0,"2"
0.75,0.5,1,0,58,NA,0.712788463,0,0,"2"
0.5,0.5,1,0,54,0.349999994,0.461022228,0,0,"2"
0,0,1,0,63,0.699999988,0.642942905,0,0,"2"
0,0,0,1,66,0.349999994,0.47717464,0,0,"3"
0,0,0,0,60,0.400000006,0.65559566,0,0,"3"
0.25,0.25,0,1,32,0.449999988,0.510317981,0,0,"3"
0.5,0.5,0,1,64,0.25,0.55585736,0,0,"3"
0.25,0.25,0,1,30,0.300000012,0.65066433,0,0,"3"
0.25,0.25,0,1,47,0.349999994,0.519497693,0,0,"3"
0,0,1,0,33,0.699999988,0.726878941,0,0,"2"
1,0.5,0,1,61,0.400000006,0.68119508,0,0,"3"
0,0.25,0,0,71,0.200000003,0.606741428,0,0,"3"
0,0,1,1,54,0.349999994,0.171746776,1,0,"1"
0.5,0.5,1,0,59,0.400000006,0.687065661,0,0,"2"
0.5,0.5,0,1,42,0.25,0.640502632,0,0,"3"
0.25,0.25,1,1,40,NA,0.49915427,0,1,"0"
0.25,0.5,1,1,58,0.400000006,0.509066999,0,0,"2"
0.5,0.5,0,1,27,NA,NA,0,0,"3"
0,0.5,1,1,20,NA,0.535296619,0,1,"0"
0,0,0,1,58,0.449999988,0.536193728,0,0,"3"
0,0,1,1,35,0.25,0.833642066,0,0,"2"
0.25,0.5,1,0,71,0.200000003,0.594372988,0,0,"2"
0,0.25,1,1,54,0.400000006,0.629266977,0,0,"2"
0.5,0.5,1,0,27,0.5,0.733623803,0,0,"2"
0,0,1,0,40,0.5,0.717699409,0,0,"2"
0.25,0.25,0,1,30,NA,NA,0,0,"3"
0,0,0,0,72,0.699999988,0.793355286,0,0,"3"
0,0.5,0,0,74,0.300000012,0.745840549,0,0,"3"
0.25,0,0,0,45,0.449999988,0.772893131,0,0,"3"
0.75,1,0,1,20,NA,NA,0,0,"3"
0,0,1,1,43,0,0.465299785,0,0,"2"
0,0,0,0,48,0.5,0.825523496,0,0,"3"
0.5,0.5,1,0,46,NA,NA,0,0,"2"
0,0,1,1,42,0.25,0.84903568,0,0,"2"
0,0,1,1,46,NA,NA,0,0,"2"
0.25,0.25,1,1,49,NA,NA,0,0,"2"
0.5,0.5,0,1,52,NA,NA,0,0,"3"
0,0,1,1,55,0.349999994,0.137986004,0,0,"2"
0,0,1,1,56,0.200000003,0.863765836,0,0,"2"
0.5,0.5,0,0,62,0.349999994,0.432992011,0,0,"3"
0.5,0.5,1,1,66,NA,NA,0,0,"2"
0.75,0.75,0,1,33,0.25,0.466897786,0,0,"3"
0.75,0,0,0,86,0.649999976,0.403540909,0,0,"3"
0.5,0.5,1,1,70,0.349999994,0.723193824,0,0,"2"
0.5,0.5,1,0,64,NA,0.539273739,0,0,"2"
0.5,0.5,0,0,79,0.400000006,0.783453763,0,0,"3"
0,0.25,1,1,52,0.449999988,0.762731493,0,0,"2"
0,0,1,0,28,0.5,0.516658723,0,0,"2"
0,0.25,0,0,59,0.550000012,0.372996271,0,0,"3"
0.25,0.25,0,1,26,0.050000001,0.719816864,0,0,"3"
0.25,0,0,1,30,0.349999994,0.789511621,0,0,"3"
0.25,0.25,0,1,67,0.400000006,0.790789187,0,0,"3"
0.5,0.5,0,1,39,NA,NA,0,0,"3"
0.25,0,1,1,57,0.400000006,0.625079751,0,0,"2"
0,0.25,1,1,61,0.300000012,0.372775227,0,0,"2"
0.25,0.25,1,1,51,0.5,0.555508316,0,0,"2"
0.5,0.5,0,1,43,0.349999994,0.779696524,0,0,"3"
0.25,0.25,0,1,63,0.5,0.418498546,0,0,"3"
0.5,0.5,1,1,36,0.300000012,0.618771672,0,0,"2"
0.25,0.25,1,1,62,NA,0.743901789,0,0,"2"
0.5,0.5,0,1,68,0.5,0.61437577,0,0,"3"
1,0.5,0,1,43,0.25,0.477090776,0,0,"3"
0,0.5,0,0,19,0.200000003,0.539078653,0,0,"3"
0.25,0.5,1,0,37,NA,NA,0,0,"2"
0.25,0.25,0,1,47,0.5,0.658253133,0,0,"3"
0,0,1,1,55,0.649999976,0.741331398,0,0,"2"
0,0.25,0,1,69,0.349999994,0.749575078,0,0,"3"
0,0,1,1,32,NA,0.592626929,0,0,"2"
0,0.5,0,1,71,0.300000012,0.542388558,0,0,"3"
0.25,0.25,1,1,45,NA,NA,0,0,"2"
0.25,0.5,1,0,43,0.300000012,0.554724157,0,1,"0"
0.75,0.5,0,0,28,0,0.164863914,0,0,"3"
0.75,1,0,1,50,NA,0.479765385,0,0,"3"
0.75,0.75,0,0,59,0,0.567138433,0,0,"3"
1,0,0,0,62,0.5,0.50881809,0,0,"3"
0,0.25,1,1,39,0.050000001,0.689648449,0,0,"2"
0,0,1,0,47,0.349999994,0.681887567,0,0,"2"
0.5,0.25,0,0,59,0.100000001,0.46361798,0,0,"3"
0.25,0.75,0,0,65,0.050000001,0.612161338,0,0,"3"
0.25,0.5,1,1,65,NA,0.522300601,0,0,"2"
0.5,0.5,0,1,64,0.5,0.605909646,0,0,"3"
0.75,0.5,0,0,31,NA,NA,0,0,"3"
0.25,0.25,0,0,57,0.300000012,0.548186958,0,0,"3"
0,0,0,1,41,0.699999988,0.598218501,0,0,"3"
0.25,0.5,1,1,58,0.300000012,0.679004192,0,0,"2"
0,0.5,1,1,34,0.349999994,0.50249064,1,0,"1"
0.5,0.5,1,1,26,0.200000003,0.182457656,0,0,"2"
0.25,0.5,1,1,55,0.349999994,0.657703221,0,0,"2"
0.25,0.5,1,1,37,0.5,0.641857028,0,0,"2"
0,0,1,1,33,NA,NA,0,0,"2"
0.5,0.5,1,0,52,0.400000006,0.640850067,0,0,"2"
0,0,1,1,42,0.600000024,0.596198261,0,1,"0"
0.5,0.5,1,0,51,NA,0.289823413,0,0,"2"
0,0,0,1,51,0.5,0.746487558,0,0,"3"
0.25,0.25,1,0,67,0.449999988,0.5132339,0,0,"2"
0.5,0.5,0,1,53,NA,0.514166057,0,0,"3"
0.25,0.25,1,0,43,0.300000012,0.739125073,0,0,"2"
0,0,0,1,56,0.5,0.509089112,0,0,"3"
0.75,0.5,0,1,70,0.200000003,0.659128129,0,0,"3"
0,0,0,0,64,NA,NA,0,0,"3"
0.5,0.5,1,1,33,0,0.267266005,0,0,"2"
0.5,0.5,1,0,45,0.5,0.622007012,0,0,"2"
0,0,0,0,44,NA,NA,0,0,"3"
0,0,1,1,62,0.400000006,0.753200293,0,0,"2"
0,0,0,0,30,0.25,0.633412778,0,0,"3"
0.25,0.25,1,1,28,0.349999994,0.837818623,0,0,"2"
0,0,1,0,58,0.25,0.588343859,0,0,"2"
0,0,0,0,49,0.25,0.318602502,0,0,"3"
0.75,0.5,1,0,68,0.400000006,0.665994883,0,0,"2"
0,0,0,0,24,0.5,0.739827991,0,0,"3"
0.5,0.5,1,0,52,0.400000006,0.468672752,0,0,"2"
0,0.25,1,0,61,0.5,0.81718719,0,1,"0"
0.75,0.25,1,1,49,0.649999976,0.621753097,0,0,"2"
0,0,0,1,61,0,0.622606218,0,0,"3"
0,0.25,0,1,45,0.400000006,0.560970187,0,0,"3"
0.25,0.5,0,1,53,0.300000012,0.688040555,0,0,"3"
0.25,0.5,1,1,49,0.300000012,0.63248533,0,0,"2"
0.5,0.5,1,1,53,0.400000006,0.616078675,0,0,"2"
0.5,0.5,0,1,58,0.300000012,0.530483305,0,0,"3"
0.25,0.25,1,1,20,0.25,0.614789486,0,0,"2"
0.5,0.5,0,1,42,0.25,0.549847841,0,0,"3"
0.75,0.75,0,1,46,0.25,0.271648377,0,0,"3"
0.25,0,0,0,74,NA,NA,0,0,"3"
0,0.25,0,0,49,0.150000006,0.893480182,0,0,"3"
0,0,1,0,49,0.449999988,0.63911128,0,0,"2"
0.5,0.5,1,0,69,0.300000012,0.617018998,0,0,"2"
0,0,1,0,53,NA,NA,0,1,"0"
1,0.5,0,0,20,0.699999988,0.522034526,0,0,"3"
0.25,0.5,0,1,49,0.150000006,0.829580963,0,0,"3"
0,0,0,1,56,NA,NA,0,0,"3"
0,0.25,1,1,57,0.300000012,0.37466082,0,0,"2"
0,0.25,0,1,53,0.349999994,0.636982739,0,0,"3"
0,0,0,1,44,0.25,0.275515676,0,0,"3"
1,0.75,0,1,59,0.25,0.519205689,0,0,"3"
0.5,0.5,0,1,30,NA,0.660201311,0,0,"3"
0,0.25,0,0,63,0.25,0.72355175,0,0,"3"
0.25,0.5,0,1,58,0.25,0.335794538,0,0,"3"
0,0,0,0,52,0.25,0.486606002,0,0,"3"
0,0.25,0,1,44,NA,0.383598119,0,0,"3"
0,0,0,1,49,0.400000006,0.56645292,0,0,"3"
0.25,0.5,1,1,20,0.150000006,0.604342341,0,0,"2"
0,0,0,0,51,0.449999988,0.437107891,0,0,"3"
0.25,0.25,1,1,47,0,0.362752795,0,0,"2"
0,0,0,0,38,NA,NA,0,0,"3"
0.5,0.5,1,1,32,0.25,0.502010882,0,0,"2"
0.25,0,1,1,46,0.349999994,0.506858468,0,0,"2"
0.25,0,0,0,64,NA,0.706151843,0,0,"3"
0.75,0.5,1,1,25,0.5,0.809440255,0,0,"2"
0.5,0.5,1,1,62,0.5,0.610907853,0,0,"2"
0.5,0.75,0,0,57,0.400000006,0.784147441,0,0,"3"
0,0,1,1,47,0.5,0.809512615,0,0,"2"
0.5,0.5,0,1,41,0.300000012,0.816965878,0,0,"3"
0,0.25,1,1,53,0.550000012,0.541535437,0,0,"2"
0.5,0.25,0,1,64,NA,0.428224415,0,0,"3"
0.25,0.25,0,0,37,0.5,0.744846404,0,0,"3"
0.25,0.25,1,1,65,NA,NA,0,0,"2"
0.5,0.75,0,1,60,0.300000012,0.543421268,0,0,"3"
0,0.5,0,1,45,NA,NA,0,0,"3"
1,1,0,1,26,NA,0.484344006,0,0,"3"
0.25,0.5,0,1,44,0.349999994,0.478383929,0,0,"3"
0,0.5,0,1,68,0.349999994,0.766472816,0,0,"3"
0,0.5,1,1,34,0.349999994,0.775096118,0,0,"2"
0,0,1,1,57,NA,NA,1,0,"1"
0,0,1,1,34,0.5,0.665235937,0,0,"2"
0.5,0.5,0,0,72,0.449999988,0.846030712,0,0,"3"
0.25,0.25,1,0,48,0.5,0.688638687,0,0,"2"
1,1,1,0,43,0.200000003,0.740123212,0,0,"2"
0,0,1,1,37,0.349999994,0.466903389,0,1,"0"
0.75,0.5,1,1,51,0.400000006,0.637124062,0,0,"2"
0,0.5,1,1,45,0.25,0.718848646,0,0,"2"
0.75,0.5,0,1,72,0.050000001,0.677439213,0,0,"3"
0.25,0.5,1,1,56,0.5,0.604992867,1,0,"1"
0.25,0.5,0,1,30,0.349999994,0.502670228,0,0,"3"
0.5,0.5,1,0,42,0.5,0.532997668,0,0,"2"
0.5,0.5,0,1,50,0.050000001,0.560769677,0,0,"3"
0,0,1,0,59,0.400000006,0.742964268,0,0,"2"
0.5,0.5,0,1,42,NA,NA,0,0,"3"
0.25,0,0,1,50,NA,0.484275788,0,0,"3"
0,0,0,1,73,0.349999994,0.73391974,0,0,"3"
0.25,0.5,0,1,54,0.5,0.809858143,0,0,"3"
0.25,0.25,0,1,54,NA,NA,0,0,"3"
0,0.5,0,1,52,0.349999994,0.745288134,0,0,"3"
0.25,0.5,1,1,54,0.449999988,0.53992492,0,0,"2"
0,0,0,1,63,NA,0.787889302,0,0,"3"
0.75,0.5,0,1,53,0.200000003,0.671693325,0,0,"3"
0,0,0,1,62,NA,0.81588304,0,0,"3"
0.5,0.5,0,0,39,0.449999988,0.603240132,0,0,"3"
1,1,0,0,62,0.050000001,0.51870501,0,0,"3"
0,0,0,0,70,NA,0.632021308,0,0,"3"
0,0,0,0,75,0.5,0.567317903,0,0,"3"
0,0,1,1,28,0.600000024,0.582361698,0,0,"2"
0.5,0.5,0,0,68,0.25,0.592971563,0,0,"3"
0.25,0,1,0,61,0.5,0.252212048,0,0,"2"
0.75,0.5,1,1,49,0.300000012,0.785218477,0,0,"2"
0,0,1,1,57,0.800000012,0.90872848,0,0,"2"
0,0,0,1,39,0.300000012,0.58899188,0,0,"3"
0.25,0.5,0,1,43,0.600000024,0.613028526,0,0,"3"
0,0,1,1,66,0.300000012,0.748799026,0,0,"2"
0.25,0.25,0,0,65,NA,NA,0,0,"3"
0.25,0.25,0,0,58,0.5,0.656039119,0,0,"3"
0.25,0,0,1,51,0.25,0.264469177,0,0,"3"
0,0,0,1,57,0.449999988,0.684495866,0,0,"3"
0,0,0,1,29,0,0.585701108,0,0,"3"
0.75,0.5,0,1,27,0,0.458072454,0,0,"3"
0.25,0.5,0,1,31,0,0.812650323,0,0,"3"
0,0,0,1,52,0.600000024,0.77836448,0,0,"3"
0.25,0,1,1,39,0.600000024,0.826158702,0,0,"2"
0.25,0.25,1,1,40,0.449999988,0.621244967,0,0,"2"
0.25,0.5,0,1,44,0.100000001,0.594736636,0,0,"3"
0.5,0.5,0,1,37,0.699999988,0.647832394,0,0,"3"
0.5,0.5,0,0,67,0.349999994,0.315485686,0,0,"3"
0.5,0.5,0,1,37,1,0.620856225,0,0,"3"
0,0,0,1,40,0.400000006,0.583714008,0,0,"3"
0,0,1,0,48,NA,0.830051303,0,0,"2"
0.5,0.75,1,1,46,0,0.611590743,0,0,"2"
0,0,1,1,55,NA,0.477675349,0,0,"2"
0.25,0.25,1,0,59,0.5,0.739511669,0,0,"2"
0,0,0,1,49,0.400000006,0.452771723,0,0,"3"
1,0.25,1,1,57,0.25,0.708657384,0,0,"2"
0,0,1,1,40,NA,0.535060704,0,0,"2"
0.5,0.25,0,0,84,NA,0.818443477,0,0,"3"
0.25,0.25,1,1,49,0.5,0.523322046,0,0,"2"
0.25,0.5,0,1,20,0.449999988,0.629410982,0,0,"3"
0.75,0.75,0,1,62,0.25,0.443349421,0,0,"3"
0,0.25,1,1,34,0.5,0.433615983,0,0,"2"
0.25,0,1,1,41,0.5,0.777721286,0,0,"2"
0,0,1,1,49,0.050000001,0.78838706,0,0,"2"
0.5,0.5,0,0,67,NA,NA,0,0,"3"
0.5,0.75,0,0,63,0.300000012,0.377177894,0,0,"3"
0.5,0.75,0,0,29,0.100000001,0.427855164,0,0,"3"
0.25,0,1,0,58,NA,NA,0,0,"2"
0.5,0.75,1,1,59,0.200000003,0.238136441,0,0,"2"
0.5,0.5,1,1,43,0.850000024,0.826629341,0,0,"2"
0,0,0,1,41,0,0.630180478,0,0,"3"
0.25,0,1,0,65,0.300000012,0.637879074,0,0,"2"
0,0,0,1,64,0.100000001,0.751511395,0,0,"3"
0,0,0,1,26,0.550000012,0.593405783,0,0,"3"
1,0.5,0,1,28,0.349999994,0.530105591,0,0,"3"
0,0.5,0,1,60,0.449999988,0.465336591,0,0,"3"
0.75,0.5,1,1,41,0.449999988,0.374553621,0,0,"2"
0,0.5,0,1,65,0.150000006,0.652670681,0,0,"3"
0.25,0.25,0,1,64,0.400000006,0.564216912,0,0,"3"
0.5,0.5,1,1,56,0.400000006,0.541895807,0,0,"2"
0,0,1,1,61,NA,NA,0,0,"2"
0,0.5,0,1,45,0.349999994,0.7064569,0,0,"3"
0,0,0,1,54,0.649999976,0.610193193,0,0,"3"
0,0,1,1,36,0.200000003,0.425026685,0,0,"2"
0,0,1,1,60,0.449999988,0.285491765,0,0,"2"
0,0,1,1,51,0.300000012,0.746182263,0,0,"2"
0.25,0.25,0,1,65,0.5,0.931456327,0,0,"3"
0,0,1,0,50,0.850000024,0.537966549,0,0,"2"
0,0.5,0,1,56,0.200000003,0.525791705,0,0,"3"
0.25,0,0,1,57,0.300000012,0.376688868,0,0,"3"
1,0.25,1,1,29,0.400000006,0.372831672,0,0,"2"
0.75,0.25,0,0,19,0.400000006,0.496443748,0,0,"3"
0,0,1,0,55,0.800000012,0.783044875,0,0,"2"
0,0.5,0,1,72,0.200000003,0.539506257,0,0,"3"
1,0.75,0,1,33,NA,NA,0,0,"3"
0.25,0.25,1,0,65,0.400000006,0.680070817,0,1,"0"
0.5,0,0,1,25,0.550000012,0.60287869,0,0,"3"
0,0.25,0,1,56,NA,NA,0,0,"3"
0.25,0.5,1,1,34,NA,0.33086434,0,0,"2"
0.5,0.5,0,1,53,0.349999994,0.573270977,0,0,"3"
0.5,0.25,0,1,24,NA,0.384711474,0,0,"3"
0.5,0.5,0,1,53,0.400000006,0.713227689,0,0,"3"
0,0,1,1,55,NA,0.574753344,0,0,"2"
0.25,0.25,0,1,72,0.400000006,0.853899598,0,0,"3"
0.5,0.5,1,1,60,0.25,0.796768606,0,0,"2"
0.75,0.25,0,0,20,0.550000012,0.831039727,0,0,"3"
0.5,0.75,1,0,40,0.550000012,0.469019532,0,1,"0"
1,0.75,1,0,66,0.349999994,0.520866692,1,0,"1"
1,0.75,0,0,21,0.5,0.414600909,0,0,"3"
1,0.75,1,0,45,0.25,0.416967362,0,0,"2"
0.25,0.25,0,1,34,0.200000003,0.719255447,0,0,"3"
0.5,0.5,0,0,20,0.699999988,0.191638902,0,0,"3"
0,0,1,1,60,0.25,0.600214601,0,0,"2"
0,0,1,1,35,NA,0.489552945,0,0,"2"
0.75,1,0,0,45,NA,0.581855536,0,0,"3"
0,0,1,1,58,NA,NA,0,0,"2"
0,0.25,1,1,37,0.5,0.943866253,1,0,"1"
1,1,1,1,20,NA,0.60273236,0,0,"2"
0.5,0.5,1,1,36,0.400000006,0.676400959,0,0,"2"
0.75,0.5,0,1,67,0.449999988,0.569366872,0,0,"3"
0,0,0,1,33,0.5,0.578625798,0,0,"3"
0,0.5,1,0,33,0.5,0.584079087,0,0,"2"
0,0,0,1,52,0.850000024,0.648936987,0,0,"3"
0.5,0.5,1,1,34,0.25,0.546241581,0,0,"2"
0,0.25,0,1,70,0.25,0.775706947,0,0,"3"
0.75,0,1,1,49,0.449999988,0.70331347,0,0,"2"
0,0.5,1,0,38,0,0.743276358,0,0,"2"
0.25,0.5,0,1,18,0.449999988,0.522112668,0,0,"3"
0.5,0.5,0,1,29,NA,0.378672093,0,0,"3"
0,0,0,1,71,0.300000012,0.521266937,0,0,"3"
0.25,0.75,0,0,40,0.200000003,0.583051205,0,0,"3"
0.5,0.25,1,1,26,0.5,0.724222481,0,0,"2"
0.5,0.75,0,1,30,0.300000012,0.471291691,0,0,"3"
0,0.5,1,1,40,0.300000012,0.482594848,0,0,"2"
0.5,0.75,0,1,69,NA,0.097013406,0,0,"3"
1,0.5,0,1,38,0.25,0.752927184,0,0,"3"
0.75,0.5,0,1,27,NA,0.805971622,0,0,"3"
0.75,0.5,0,1,22,0.349999994,0.579911351,0,0,"3"
0.75,0.75,0,1,64,0.150000006,0.607883036,0,0,"3"
0,0,0,1,64,0.5,0.739251375,0,0,"3"
0,0.5,1,0,25,0.699999988,0.698208153,0,1,"0"
0,0,0,0,54,0.349999994,0.29662168,0,0,"3"
0.75,0.75,0,1,57,0.200000003,0.627705336,0,0,"3"
0.25,0.5,0,0,58,0.400000006,0.539781272,0,0,"3"
0.25,0.25,0,0,45,0.75,0.555532873,0,0,"3"
0.5,0,1,0,42,NA,0.797625422,0,0,"2"
0,0,0,0,54,0.5,0.686966479,0,0,"3"
0.5,0.75,1,1,58,0,0.265708447,0,0,"2"
0.5,0.5,0,1,27,0.25,0.705051601,0,0,"3"
0.5,0.75,1,1,49,0.25,0.503421187,0,0,"2"
0.25,0.75,1,1,40,0.200000003,0.899903178,1,0,"1"
0,0,1,1,55,0.5,0.535394669,0,0,"2"
0,0,0,1,46,0.449999988,0.353038728,0,0,"3"
0,0,1,0,56,0.349999994,0.612485468,0,0,"2"
0.25,0.25,0,1,49,0.5,0.429766595,0,0,"3"
0.25,0.5,0,1,68,0.200000003,0.784706891,0,0,"3"
0.5,0.5,0,0,68,NA,NA,0,0,"3"
0.5,0,0,1,51,0.25,0.591282368,0,0,"3"
0.5,0.5,0,0,69,0.349999994,0.51969564,0,0,"3"
0.25,0.25,0,1,41,NA,0.884898663,0,0,"3"
0.25,0.25,1,0,48,0.5,0.585684061,0,0,"2"
0.5,0.5,1,1,48,0.25,0.782690048,0,0,"2"
0.75,0.5,0,1,47,NA,0.590435565,0,0,"3"
0.5,0.75,0,1,64,0.5,0.755921721,0,0,"3"
0.5,0.25,1,0,54,0.050000001,0.565836191,0,1,"0"
0.25,0.5,0,1,19,0.550000012,0.431573987,0,0,"3"
0.25,0.25,0,1,53,0.449999988,0.834152699,0,0,"3"
0.25,0.25,1,0,47,0.400000006,0.613374829,0,0,"2"
0.25,0.5,0,0,67,0.349999994,0.705406845,0,0,"3"
0.25,0.5,0,1,68,0.349999994,0.727666259,0,0,"3"
0.25,0.5,0,0,60,0.25,0.834615409,0,0,"3"
0.25,0.75,1,1,30,0.349999994,0.246027812,0,0,"2"
0.25,0.5,1,1,23,0.600000024,0.764009416,0,0,"2"
0,0,1,1,46,0.25,0.686142743,0,0,"2"
0,0,0,0,60,NA,0.509344339,0,0,"3"
0.75,0.75,0,1,40,0.449999988,0.828740776,0,0,"3"
0.75,0.5,1,1,45,NA,NA,0,0,"2"
0.5,0.5,0,1,24,0.300000012,0.602666259,0,0,"3"
0,0,1,0,49,0.550000012,0.759635031,0,0,"2"
0.25,0.75,1,1,54,0.150000006,0.677782297,0,0,"2"
0,0.25,0,1,60,0.200000003,0.444545031,0,0,"3"
0,0.5,0,1,51,0.300000012,0.66964668,0,0,"3"
0,0.25,1,1,56,NA,0.375891119,0,0,"2"
0,0,1,1,61,0.200000003,0.664095521,1,0,"1"
0.5,0.75,1,0,65,0.25,0.268345207,1,0,"1"
0.5,0.5,1,1,26,0.25,0.472340196,1,0,"1"
0.5,0.5,0,0,29,0.349999994,0.558140993,0,0,"3"
0.25,0,1,1,56,0.300000012,0.394476563,1,0,"1"
0.75,0.5,1,1,60,0.300000012,0.492216527,0,0,"2"
0,0.25,1,0,46,0.600000024,0.582405269,0,1,"0"
0.5,0.5,0,0,19,NA,0.381399244,0,0,"3"
0.25,0.25,0,0,68,0.649999976,0.771837413,0,0,"3"
0.25,0.25,0,1,61,NA,NA,0,0,"3"
0.75,0,1,1,50,0.600000024,0.282458365,0,0,"2"
0.5,0.5,0,1,65,0.25,0.657754183,0,0,"3"
0.75,0.5,1,1,64,0.449999988,0.724429786,1,0,"1"
0.25,0.25,0,0,38,0.550000012,0.673171759,0,0,"3"
0.5,0.25,1,0,56,0.349999994,0.750972331,0,0,"2"
0,0.25,0,1,70,0.400000006,0.583642602,0,0,"3"
0.75,0.5,1,0,24,NA,0.222179621,0,0,"2"
0.5,0.75,0,0,62,0.400000006,0.534126282,0,0,"3"
0.5,0.5,0,0,62,0.400000006,0.668337762,0,0,"3"
0,0.5,0,1,60,0.050000001,0.380124509,0,0,"3"
0.5,0.5,1,1,37,0.200000003,0.688784242,1,0,"1"
0.75,0.5,1,1,19,0.349999994,0.593585193,0,0,"2"
0.25,0.5,0,1,69,0.600000024,0.294655174,0,0,"3"
0.5,0.5,1,1,38,NA,NA,0,0,"2"
0.25,0.5,0,0,68,0.349999994,0.499186516,0,0,"3"
0,0,0,1,77,0.300000012,0.662449539,0,0,"3"
0.5,0.5,0,1,25,NA,NA,0,0,"3"
0,0,0,1,46,0.550000012,0.517544031,0,0,"3"
0,0,0,1,63,NA,NA,0,0,"3"
0.5,0.5,1,1,40,NA,NA,1,0,"1"
0,0,0,1,51,0.649999976,0.744045496,0,0,"3"
0,0,1,0,46,0.800000012,0.461018503,0,0,"2"
1,0.75,0,0,35,0,0.564727843,0,0,"3"
0.25,0.25,1,1,44,0.5,0.570632279,0,0,"2"
0,0,0,0,65,0.400000006,0.609559059,0,0,"3"
0,0,1,1,59,0.300000012,0.426891416,0,0,"2"
0,0,0,1,51,NA,NA,0,0,"3"
0.5,0.25,0,0,71,0.600000024,0.635541975,0,0,"3"
0,0,1,1,63,0.5,0.893349528,0,0,"2"
0,0,1,1,65,0.25,0.788578928,0,0,"2"
0.5,0.5,0,0,57,0.400000006,0.546304464,0,0,"3"
0.5,0.5,0,1,67,0.5,0.56353879,0,0,"3"
0,0,0,0,59,0.949999988,0.588321567,0,0,"3"
0.5,0,1,0,56,0.699999988,0.611277521,0,0,"2"
0.5,1,1,1,41,0.600000024,0.497569084,0,0,"2"
1,1,0,0,64,0.5,0.423706651,0,0,"3"
1,0.75,1,1,29,0.349999994,0.691118002,0,0,"2"
0.25,0.25,1,1,39,0.349999994,0.35630697,0,0,"2"
0.75,0.5,0,0,22,0.949999988,0.070760466,0,0,"3"
0.75,0.5,0,0,67,0.25,0.667852283,0,0,"3"
0.5,0.5,0,0,59,0.25,0.732362568,0,0,"3"
0.5,0.5,0,0,66,0.400000006,0.690793157,0,0,"3"
1,0.5,0,0,78,0.550000012,0.745828688,0,0,"3"
1,1,1,0,62,NA,0.719418526,1,0,"1"
0.25,0.25,0,0,56,0.300000012,0.548814356,0,0,"3"
0.5,0.5,1,1,21,0.25,0.562806487,0,0,"2"
0.75,0.5,0,1,45,0.100000001,0.604204237,0,0,"3"
0.75,0.75,0,1,60,0.349999994,0.455542892,0,0,"3"
0.5,0.5,0,1,62,0.300000012,0.741514742,0,0,"3"
0.25,0.25,1,1,40,0.600000024,0.460867375,1,0,"1"
0.75,0,1,1,37,0.300000012,0.460581064,0,0,"2"
0.5,0.5,1,1,51,0.25,0.679947734,0,0,"2"
0,0,1,1,60,0.100000001,0.505971551,0,0,"2"
0.25,0.5,1,0,57,0.100000001,0.509098053,1,0,"1"
0.75,0.5,0,1,27,0.5,0.524505496,0,0,"3"
0.5,0.5,0,1,48,0.25,0.50747788,0,0,"3"
1,0.75,0,1,43,0.050000001,0.701351523,0,0,"3"
0.25,0,1,1,56,0.349999994,0.627156198,0,0,"2"
0.5,0.5,0,0,45,0.349999994,0.665357471,0,0,"3"
0.75,1,1,0,50,0.300000012,0.261083215,0,1,"0"
0.75,1,0,0,54,NA,NA,0,0,"3"
0.5,0.5,1,1,27,0,0.496906579,0,0,"2"
0.5,0.5,1,1,64,0.5,0.512789965,0,0,"2"
0,0,0,1,20,0.449999988,0.683721781,0,0,"3"
0.5,0.5,0,1,25,NA,0.574243426,0,0,"3"
0.75,0.75,1,0,69,0.150000006,0.51237452,0,1,"0"
0.25,0.25,0,1,59,NA,0.620580673,0,0,"3"
0.5,0.5,1,1,47,0.300000012,0.586815,1,0,"1"
0.25,0,1,1,55,NA,NA,0,1,"0"
0.5,0.5,1,1,64,0.200000003,0.735447884,0,0,"2"
0.5,0.25,0,1,53,NA,NA,0,0,"3"
0.5,0.5,0,1,20,0.300000012,0.537018597,0,0,"3"
0.25,0.25,0,0,52,0.5,0.436746836,0,0,"3"
0.75,0.25,0,1,41,0.400000006,0.587679982,0,0,"3"
0.75,0.5,0,1,23,NA,0.42429322,0,0,"3"
0.5,0.5,1,0,48,NA,0.447396398,0,0,"2"
0.5,0.5,1,0,62,0.200000003,0.361183852,0,0,"2"
0,0,1,0,55,NA,NA,0,1,"0"
0,0.5,1,0,52,0.25,0.30707106,0,0,"2"
0,0,1,1,54,0.300000012,0.652517021,0,0,"2"
0.5,0.5,1,1,38,0.449999988,0.352959961,0,0,"2"
0.25,0.5,1,1,26,0.5,0.774095356,0,0,"2"
0.5,0.25,1,0,48,0.400000006,0.504905701,0,0,"2"
0.5,0.5,1,0,41,NA,NA,0,0,"2"
0.5,0.75,1,0,67,0.200000003,0.63254559,0,1,"0"
0.25,0.25,1,1,42,0.25,0.636684477,0,0,"2"
0.5,0.5,0,1,62,0,0.546801567,0,0,"3"
1,0.25,0,1,18,NA,NA,0,0,"3"
0,0,0,1,63,0.75,0.648130596,0,0,"3"
0.25,0.25,0,0,38,0.200000003,0.514415205,0,0,"3"
0.5,0.5,1,0,43,NA,0.46839273,0,0,"2"
0.75,0.5,0,1,44,NA,NA,0,0,"3"
0.5,0.5,0,0,28,NA,NA,0,0,"3"
0.5,0.5,0,0,28,0.5,0.538695097,0,0,"3"
0,0,1,0,49,0.050000001,0.59526068,0,1,"0"
0.5,0.5,1,0,57,0.150000006,0.241290018,0,0,"2"
0.25,0.5,0,1,40,0.200000003,0.30223766,0,0,"3"
0,0,1,0,31,0.5,0.454998404,0,1,"0"
0.75,0.5,0,1,47,0.25,0.907700717,0,0,"3"
1,1,0,0,81,0.150000006,0.740781069,0,0,"3"
0.5,0.25,1,1,55,0.349999994,0.461309135,1,0,"1"
0.5,0.5,0,1,36,0.400000006,0.308238,0,0,"3"
0.25,0.5,1,1,18,NA,0.275121748,0,0,"2"
0.5,0,0,1,47,0.800000012,0.861990988,0,0,"3"
0.25,0.5,0,1,25,NA,NA,0,0,"3"
0,0.25,1,1,64,0.200000003,0.647483349,1,0,"1"
0,0,1,0,62,0.550000012,0.615421653,0,1,"0"
0.5,0.25,1,1,43,0.5,0.681504369,0,0,"2"
0,0.5,0,0,63,0.5,0.741823256,0,0,"3"
1,1,1,0,40,0.449999988,0.236598432,0,0,"2"
0.25,0.5,0,1,22,0.200000003,0.528684795,0,0,"3"
0.5,0.5,0,1,48,0.25,0.409660012,0,0,"3"
0.5,0.5,0,1,32,0.600000024,0.777657509,0,0,"3"
0.25,0.25,1,0,37,0.5,0.698717594,0,0,"2"
0.25,0.25,0,1,68,NA,NA,0,0,"3"
0,0.5,1,0,60,0.449999988,0.044943254,0,1,"0"
0,0,0,0,60,0.949999988,0.786225736,0,0,"3"
1,0.75,0,0,49,0.349999994,0.437880248,0,0,"3"
0.5,0.75,0,1,19,0.349999994,0.609256148,0,0,"3"
0.5,0.25,0,1,54,0.449999988,0.672807395,0,0,"3"
0.25,0.25,0,0,67,0.649999976,0.657039881,0,0,"3"
0.5,0.25,0,1,55,0.349999994,0.588792205,0,0,"3"
0.25,0.5,1,1,24,0.349999994,0.521515071,0,0,"2"
0.5,0.5,0,1,65,0.25,0.650918543,0,0,"3"
1,1,0,0,24,NA,0.281014681,0,0,"3"
0,0.5,0,0,27,0.150000006,0.508740902,0,0,"3"
0.25,0,1,1,24,NA,NA,1,0,"1"
0.25,0.5,0,1,83,0.449999988,0.815368652,0,0,"3"
0.25,0.5,0,1,38,0.100000001,0.763065517,0,0,"3"
0.5,0.5,1,1,45,0.25,0.551758409,0,0,"2"
0,0.25,0,1,18,NA,0.308560818,0,0,"3"
0.75,0.75,1,1,44,0.25,0.478470236,0,0,"2"
0.5,0.5,0,0,31,0.400000006,0.520061135,0,0,"3"
0,0,0,1,67,0.699999988,0.555176318,0,0,"3"
0,0.25,0,1,59,0.200000003,0.712010443,0,0,"3"
0.75,0.75,0,0,74,0.550000012,0.68067199,0,0,"3"
0.25,0.5,1,1,58,0.5,0.736637831,0,0,"2"
0,0,1,0,53,0.899999976,0.591592848,0,1,"0"
1,1,1,0,21,0.5,0.367099911,0,0,"2"
0,0.25,0,0,22,0.449999988,0.645986915,0,0,"3"
0.5,0.5,0,0,72,0.200000003,0.577415109,0,0,"3"
0.5,0.5,0,0,69,0.349999994,0.65298605,0,0,"3"
0.5,0.25,1,1,48,0.5,0.124045648,0,0,"2"
0.25,0.5,1,1,48,NA,NA,0,0,"2"
1,0,1,0,52,0.300000012,0.432505101,0,0,"2"
0.5,0,0,0,77,0.550000012,0.467333972,0,0,"3"
0.25,0.5,1,1,29,0.200000003,0.472832501,0,0,"2"
0.5,0.5,1,1,35,0.5,0.72959137,0,0,"2"
0.75,1,0,1,22,NA,0.484305888,0,0,"3"
0.25,0.5,0,0,63,0,0.837552369,0,0,"3"
0,0,1,1,50,0.699999988,0.632541299,0,0,"2"
0.25,0.25,0,1,46,NA,0.706845999,0,0,"3"
0.75,0.25,1,0,18,0.449999988,0.477711827,0,0,"2"
0.25,0.75,1,0,54,0.150000006,0.361512423,0,0,"2"
1,0.25,1,1,29,0.5,0.789875746,1,0,"1"
0,0,0,1,51,0.150000006,0.643895984,0,0,"3"
0,0,0,0,30,0.649999976,0.340895712,0,0,"3"
0.5,0.5,1,0,50,0.25,0.295461029,0,0,"2"
0.5,0.5,1,1,53,0.200000003,0.649956286,0,0,"2"
0.75,1,1,1,30,0.050000001,0.444639593,0,0,"2"
1,0.75,0,1,62,0.349999994,0.423888296,0,0,"3"
0.25,0.5,0,1,33,0.300000012,0.39700532,0,0,"3"
0.5,0,1,0,29,0.699999988,0.146699399,0,0,"2"
0.25,0,1,0,60,0.400000006,0.555279434,0,0,"2"
0.5,0.5,0,1,21,NA,0.586172879,0,0,"3"
0,0.25,1,0,47,0.600000024,0.436953276,0,0,"2"
0.5,0.5,1,1,60,0.050000001,0.303939581,0,0,"2"
0.75,0.5,0,0,30,0.200000003,0.434413821,0,0,"3"
0.5,0.75,0,0,58,NA,0.043920785,0,0,"3"
0.5,0.5,0,1,61,0.25,0.647143543,0,0,"3"
0,0,1,1,45,0.449999988,0.682173014,0,0,"2"
0,0.5,1,0,49,0.300000012,0.513996363,0,0,"2"
0,0.5,0,0,30,0.300000012,0.667301416,0,0,"3"
0,0,0,1,63,0.550000012,0.68034941,0,0,"3"
0.25,0.5,0,1,49,0,0.682085991,0,0,"3"
0.25,0.5,1,1,18,0.449999988,0.553713143,0,0,"2"
0,0,1,0,22,0.400000006,0.834027112,0,1,"0"
0,0,1,1,37,0.449999988,0.682832897,0,0,"2"
0.25,0.5,0,1,59,0.150000006,0.750449538,0,0,"3"
0.75,0.75,0,0,60,0.349999994,0.735374033,0,0,"3"
0,0,1,0,58,NA,NA,0,0,"2"
0,0,0,1,36,NA,0.454860747,0,0,"3"
0.25,0.25,0,0,57,0.25,0.632885933,0,0,"3"
0.75,0.25,1,1,68,0.400000006,0.306829184,0,0,"2"
0.5,0.25,1,0,62,0.349999994,0.432988077,0,0,"2"
0.5,0.25,0,1,58,0.300000012,0.516370118,0,0,"3"
0,0,0,1,62,0.25,0.885384858,0,0,"3"
NA,NA,NA,NA,NA,NA,NA,NA,NA,NA
NA,NA,NA,NA,NA,NA,NA,NA,NA,NA
NA,NA,NA,NA,NA,NA,NA,NA,NA,NA
NA,NA,NA,NA,NA,NA,NA,NA,NA,NA
NA,NA,NA,NA,NA,NA,NA,NA,NA,NA
