"","broad","narrow","fpm","pop","pop_cat"
"1",1,0,20.4260540008545,10507.6669921875,2
"2",0,0,30.8087425231934,16450,3
"3",1,0,22.192834854126,10710,2
"4",1,1,30.2908420562744,14218,3
"5",1,1,42.7348594665527,20587,4
"6",1,1,39.3841323852539,17925,4
"7",1,1,32.3646011352539,21732.666015625,4
"8",0,0,35.4773864746094,21636.333984375,4
"9",1,1,26.1819953918457,10848,2
"10",1,1,38.7376136779785,18592.666015625,4
"11",0,0,47.360466003418,33209,6
"12",0,0,29.6002941131592,14568.6669921875,3
"13",1,0,35.4533843994141,14794.6669921875,3
"14",1,0,24.6722316741943,19829.333984375,4
"15",1,0,31.8460998535156,16447.333984375,3
"16",1,1,63.7800712585449,48115,8
"17",1,1,31.4268550872803,13622.6669921875,3
"18",1,0,34.8077278137207,14056.6669921875,3
"19",1,0,28.3783874511719,11514.3330078125,2
"20",1,0,21.1647453308105,8637,1
"21",1,1,22.2679271697998,7487,1
"22",1,1,35.2775802612305,28751.333984375,5
"23",1,1,44.6460494995117,27433.333984375,5
"24",0,0,29.6002941131592,15938.6669921875,3
"25",1,1,25.8192195892334,11133.6669921875,2
"26",1,1,27.4414367675781,11549.3330078125,2
"27",0,0,26.5963153839111,19401.666015625,4
"28",0,0,18.3149452209473,9412.6669921875,1
"29",0,0,22.5590705871582,9690,1
"30",1,0,45.8681182861328,38111,7
"31",1,1,36.1137466430664,16414.666015625,3
"32",1,1,25.501127243042,14402,3
"33",1,1,30.6003856658936,12926.3330078125,2
"34",0,0,28.1464157104492,15616.3330078125,3
"35",0,0,29.793119430542,14733.6669921875,3
"36",1,0,37.6190757751465,18347.333984375,4
"37",0,0,28.9503059387207,13487.3330078125,2
"38",1,0,40.6315498352051,26506,5
"39",1,0,41.9472312927246,27300.333984375,5
"40",1,0,30.7437076568604,15904,3
"41",1,1,17.9663963317871,11226,2
"42",1,0,15.6236009597778,8220.3330078125,1
"43",0,0,59.8608207702637,43966.66796875,7
"44",0,0,28.3917427062988,14492.6669921875,3
"45",0,0,30.9719543457031,13934.3330078125,3
"46",1,0,27.2336101531982,15183.3330078125,3
"47",1,1,19.3688106536865,7104.33349609375,1
"48",1,1,23.2637634277344,7200,1
"49",1,0,25.8250770568848,13984.3330078125,3
"50",0,0,24.4905166625977,9985.3330078125,1
"51",1,1,21.3719959259033,9543.3330078125,1
"52",1,1,31.1284999847412,14296.6669921875,3
"53",1,0,23.5894908905029,7316,1
"54",1,1,20.3531875610352,8129.66650390625,1
"55",1,0,41.7722091674805,23425.333984375,4
"56",1,1,52.637825012207,26372,5
"57",0,0,24.9273052215576,13280.3330078125,2
"58",1,0,33.6365432739258,13971.3330078125,3
"59",1,1,23.3250179290771,11934.6669921875,2
"60",0,0,23.3250179290771,11934.6669921875,2
"61",1,1,28.1474990844727,12300.6669921875,2
"62",1,1,26.9502029418945,12289.6669921875,2
"63",0,0,41.4404106140137,26185,5
"64",1,0,32.6859283447266,16427.666015625,3
"65",1,1,38.7128868103027,17326,4
"66",0,0,35.9327850341797,15288.6669921875,3
"67",1,1,26.9779243469238,12071,2
"68",1,1,43.3987693786621,27419.666015625,5
"69",1,1,44.7334594726562,18990.666015625,4
"70",1,1,62.0635795593262,34874.33203125,6
"71",1,0,22.0025196075439,8760,1
"72",1,1,33.7606086730957,12401.6669921875,2
"73",1,1,67.2730865478516,49506,8
"74",1,0,38.2680435180664,21128.666015625,4
"75",1,1,48.2440299987793,31003.333984375,6
"76",0,0,62.0335083007812,33467.33203125,6
"77",1,1,18.3149452209473,7086.66650390625,1
"78",1,0,18.997371673584,9607.3330078125,1
"79",1,0,29.2790050506592,13148.3330078125,2
"80",1,1,28.2343273162842,11135,2
"81",1,1,22.9502906799316,7463,1
"82",0,0,30.52490234375,14835.3330078125,3
"83",1,0,37.598445892334,16376.3330078125,3
"84",0,0,35.1485824584961,14227.6669921875,3
"85",1,0,35.5203514099121,17629,4
"86",1,0,42.544059753418,18874.333984375,4
"87",1,1,29.8863525390625,10819.3330078125,2
"88",1,1,30.7573623657227,13450.6669921875,2
"89",1,1,37.2778854370117,14726.6669921875,3
"90",1,1,20.4286556243896,9886.6669921875,1
"91",1,0,26.490873336792,10214.3330078125,2
"92",1,1,30.7573623657227,15144,3
"93",1,1,44.7059440612793,17809.666015625,4
"94",0,0,50.1128883361816,37000.33203125,6
"95",1,1,23.8977718353271,11239,2
"96",0,0,28.5384616851807,11618,2
"97",0,0,19.5678329467773,9176,1
"98",1,0,28.3627109527588,10680.6669921875,2
"99",1,0,41.378849029541,22870.666015625,4
"100",1,1,34.9237937927246,18023.666015625,4
"101",0,0,20.4462757110596,7081.66650390625,1
"102",1,1,31.0167579650879,11298,2
"103",1,0,37.5867385864258,22249.333984375,4
"104",1,1,40.8174018859863,22857,4
"105",1,0,21.4150905609131,11741.6669921875,2
"106",1,1,21.4150905609131,11741.6669921875,2
"107",1,1,22.3017044067383,11957.6669921875,2
"108",1,1,22.3017044067383,11957.6669921875,2
"109",1,1,31.8460998535156,16139.3330078125,3
"110",1,0,20.7385635375977,8356.6669921875,1
"111",1,0,21.6748142242432,8425.3330078125,1
"112",0,0,15.6850671768188,10039.3330078125,1
"113",0,0,24.1017055511475,7995.66650390625,1
"114",1,1,15.8217554092407,7952.66650390625,1
"115",0,0,37.4994735717773,16593.666015625,3
"116",1,1,46.5275192260742,17787.666015625,4
"117",1,0,17.3779945373535,8656,1
"118",1,1,17.1325912475586,9885.3330078125,1
"119",1,1,25.5290699005127,12516.3330078125,2
"120",0,0,36.0837364196777,25620.333984375,5
"121",0,0,45.2655334472656,30042.333984375,5
"122",0,0,26.6051769256592,8997.6669921875,1
"123",1,1,21.9491558074951,8185.66650390625,1
"124",1,1,22.5417251586914,10581.6669921875,2
"125",1,1,32.3646011352539,19493.333984375,4
"126",1,1,35.4773864746094,17138,4
"127",1,0,17.9162616729736,8937.3330078125,1
"128",1,0,18.5510921478271,9014,1
"129",1,1,20.4634552001953,8737,1
"130",1,0,26.9237976074219,13552.6669921875,2
"131",1,1,52.5351638793945,30161,5
"132",1,0,31.0978469848633,20282.666015625,4
"133",1,1,16.9086380004883,11659.6669921875,2
"134",1,1,36.6298828125,18873.666015625,4
"135",1,1,45.1181335449219,17713.666015625,4
"136",1,0,40.7731742858887,24523.666015625,5
"137",1,1,49.9423065185547,27219.666015625,5
"138",1,0,24.0069942474365,9695,1
"139",1,0,21.2720317840576,9955.3330078125,1
"140",1,0,34.7559852600098,20336,4
"141",0,0,47.0235252380371,40685,7
"142",0,0,45.8458213806152,36276,6
"143",1,0,53.3757209777832,37768.66796875,7
"144",1,0,35.5203514099121,19414,4
"145",1,0,20.7003059387207,10020.3330078125,1
"146",1,1,32.8364486694336,15788.6669921875,3
"147",1,1,32.8364486694336,15788.6669921875,3
"148",1,0,32.8364486694336,15788.6669921875,3
"149",1,0,39.0865669250488,15112,3
"150",1,1,39.0865669250488,15112,3
"151",1,1,24.5352249145508,14409,3
"152",1,1,24.5352249145508,14409,3
"153",1,1,23.8977718353271,11094,2
"154",1,1,23.8977718353271,12035,2
"155",1,0,17.2074947357178,9964.3330078125,1
"156",1,1,24.2644824981689,10956.3330078125,2
"157",1,0,26.0589542388916,8155,1
"158",1,0,17.9162616729736,9036.6669921875,1
"159",1,0,48.7419090270996,36471,6
"160",0,0,26.0393333435059,16206,3
"161",1,0,36.254222869873,17278.333984375,4
"162",1,0,45.0139541625977,37081,6
"163",1,0,57.0341606140137,39939.33203125,7
"164",0,0,26.0393333435059,15503,3
"165",1,0,24.0909671783447,7513,1
"166",1,1,22.9983596801758,7577.33349609375,1
"167",1,1,34.7559852600098,17353.333984375,4
"168",1,0,40.3638534545898,18272.333984375,4
"169",1,0,20.4286556243896,8469.6669921875,1
"170",1,0,21.3754253387451,8816.6669921875,1
"171",1,1,22.2735157012939,11013.6669921875,2
"172",1,1,35.4730033874512,25101.666015625,5
"173",1,0,32.3646011352539,21580.666015625,4
"174",1,1,35.4773864746094,23352.333984375,4
"175",1,0,23.3022842407227,11026,2
"176",0,0,36.4550628662109,26551.666015625,5
"177",0,0,36.4550628662109,26551.666015625,5
"178",0,0,22.7219352722168,9564.3330078125,1
"179",1,1,22.6851482391357,8354.6669921875,1
"180",1,1,20.7902431488037,10635,2
"181",0,0,21.1572647094727,7886,1
"182",1,0,15.6430416107178,7146,1
"183",1,0,16.4946460723877,7200.66650390625,1
"184",1,1,17.3779945373535,9280,1
"185",1,1,20.1819286346436,9473.3330078125,1
"186",1,1,27.2277278900146,13872,3
"187",1,1,33.2711181640625,14588,3
"188",1,0,38.7226943969727,19387.666015625,4
"189",1,1,43.550910949707,19542.666015625,4
"190",0,0,40.4181671142578,29962.666015625,5
"191",1,1,49.1899261474609,35504.33203125,6
"192",1,0,28.1509857177734,12168,2
"193",1,1,29.785135269165,13164.6669921875,2
"194",0,0,23.1706581115723,10544.6669921875,2
"195",1,1,26.909236907959,11197.6669921875,2
"196",1,0,22.5590705871582,7487,1
"197",0,0,16.0902729034424,13173.6669921875,2
"198",1,0,16.0902729034424,13173.6669921875,2
"199",1,1,20.8595790863037,15979,3
"200",1,0,40.8573036193848,20980,4
"201",1,0,42.750846862793,21566.333984375,4
"202",0,0,25.5120315551758,12806,2
"203",1,0,41.7035636901855,25786,5
"204",1,0,46.2756614685059,26703.666015625,5
"205",1,0,19.1468048095703,18109,4
"206",1,1,21.7868900299072,10488.6669921875,2
"207",1,0,23.6802349090576,12661.6669921875,2
"208",1,0,42.4628410339355,26692.333984375,5
"209",1,1,45.0875434875488,29880,5
"210",1,1,59.6346588134766,33219.33203125,6
"211",1,1,42.3294868469238,18029,4
"212",1,0,46.5963745117188,25654,5
"213",1,0,23.6756381988525,10185.3330078125,1
"214",0,0,29.8863525390625,11314,2
"215",1,1,29.8863525390625,12024,2
"216",1,0,29.7821159362793,12339,2
"217",1,1,38.2936058044434,20072.666015625,4
"218",1,1,20.8234062194824,10602.6669921875,2
"219",1,1,26.6168956756592,12774,2
"220",0,0,37.6190757751465,18227.666015625,4
"221",1,1,41.5078353881836,18041.666015625,4
"222",0,0,35.5203514099121,20625,4
"223",1,1,51.9603652954102,37708.33203125,7
"224",1,0,34.1223564147949,21711.666015625,4
"225",0,0,48.0141448974609,20861.333984375,4
"226",0,0,48.4947090148926,33345,6
"227",1,1,38.2680435180664,18181.666015625,4
"228",1,1,44.7334594726562,19383.333984375,4
"229",1,0,44.6460494995117,26408,5
"230",0,0,52.1890335083008,28497.666015625,5
"231",1,1,47.7955360412598,36291,6
"232",1,0,17.3779945373535,7387.33349609375,1
"233",1,0,20.1819286346436,7696.33349609375,1
"234",1,0,22.0339469909668,16090,3
"235",1,0,28.0459327697754,13923.6669921875,3
"236",1,0,36.9957389831543,20237,4
"237",1,0,17.7601795196533,7449,1
"238",1,0,49.269905090332,32791.33203125,6
"239",1,0,53.2805252075195,38793.33203125,7
"240",1,1,63.816089630127,41539.33203125,7
"241",0,0,22.2735157012939,11414,2
"242",1,0,23.1706581115723,10586.6669921875,2
"243",1,1,24.4199256896973,11604.3330078125,2
"244",1,0,31.6749668121338,18486.333984375,4
"245",1,1,40.818775177002,27438,5
"246",1,1,49.2581214904785,29131.666015625,5
"247",1,1,31.6749668121338,19875.666015625,4
"248",1,1,28.3627109527588,13179.6669921875,2
"249",1,1,32.7877464294434,16809,3
"250",0,0,35.8525238037109,25032.333984375,5
"251",1,1,31.9005355834961,13904.6669921875,3
"252",1,0,26.0589542388916,8950.3330078125,1
"253",1,1,28.2986106872559,18227.666015625,4
"254",0,0,40.4688911437988,28150.333984375,5
"255",1,0,50.8091659545898,28524,5
"256",1,1,34.7559852600098,21046.666015625,4
"257",0,0,25.6025581359863,11369.6669921875,2
"258",1,0,21.846960067749,9130.6669921875,1
"259",1,0,29.4688949584961,9890,1
"260",1,1,29.4898223876953,10801.3330078125,2
"261",1,1,24.0358448028564,8619,1
"262",0,0,31.1368980407715,14810.6669921875,3
"263",1,0,19.7950820922852,9367.6669921875,1
"264",0,0,17.6369094848633,9023.3330078125,1
"265",0,0,58.9446144104004,46325,8
"266",1,1,25.9878025054932,14858.3330078125,3
"267",1,1,30.8297843933105,16173.3330078125,3
"268",1,1,34.3666114807129,24314.333984375,5
"269",1,1,41.5178718566895,26929,5
"270",1,0,36.1179313659668,16403,3
"271",1,1,56.6508445739746,33160.33203125,6
"272",0,0,29.0648040771484,13461.3330078125,2
"273",0,0,28.2343273162842,12480.3330078125,2
"274",0,0,49.0204963684082,42921.66796875,7
"275",1,0,59.8880081176758,43807.66796875,7
"276",1,0,21.3398609161377,9235,1
"277",1,0,14.3426065444946,8421.6669921875,1
"278",0,0,17.7337799072266,9719.6669921875,1
"279",1,0,52.3199310302734,36864,6
"280",1,1,52.3199310302734,36864,6
"281",1,1,67.946647644043,38845.66796875,7
"282",1,1,29.6002941131592,13623.6669921875,3
"283",1,0,28.0855102539062,13513.3330078125,2
"284",0,0,22.2735157012939,11328.3330078125,2
"285",1,0,26.5942325592041,11757.6669921875,2
"286",1,1,33.8831329345703,16920.333984375,3
"287",1,0,21.7868900299072,11588.6669921875,2
"288",1,0,24.6024494171143,10343.6669921875,2
"289",1,1,24.6024494171143,10343.6669921875,2
"290",1,0,35.8931198120117,13586.3330078125,3
"291",1,1,20.7902431488037,12206.6669921875,2
"292",1,1,34.7559852600098,20706.333984375,4
"293",1,0,33.6365432739258,15300.3330078125,3
"294",1,1,22.8755149841309,9270,1
"295",1,0,40.7051582336426,24915.666015625,5
"296",0,0,36.9541282653809,27658.333984375,5
"297",1,0,17.9162616729736,6860.66650390625,1
"298",1,0,18.5510921478271,6921.33349609375,1
"299",1,1,18.4944190979004,8048.33349609375,1
"300",0,0,25.4793815612793,14411,3
"301",1,0,37.571418762207,14038,3
"302",1,1,37.598445892334,13633.3330078125,3
"303",1,0,14.3186025619507,10923.3330078125,2
"304",1,0,14.3186025619507,10923.3330078125,2
"305",1,0,19.5317840576172,14406.6669921875,3
"306",1,1,25.1982746124268,13994.6669921875,3
"307",1,0,29.6556224822998,14373.3330078125,3
"308",0,0,34.1844940185547,25704,5
"309",0,0,17.3779945373535,7704.66650390625,1
"310",1,0,20.1819286346436,7465,1
"311",1,1,49.1899261474609,34709.33203125,6
"312",1,1,32.7877464294434,17991,4
"313",0,0,17.7601795196533,7639.33349609375,1
"314",1,0,60.5457801818848,42083,7
"315",1,1,22.658130645752,7156.66650390625,1
"316",1,0,24.4808578491211,11174.3330078125,2
"317",1,1,35.4710960388184,13817.6669921875,3
"318",0,0,44.822151184082,18511,4
"319",1,0,40.3638534545898,19063.666015625,4
"320",1,0,48.7673683166504,30683,6
"321",1,1,52.637825012207,26021,5
"322",0,0,17.6053066253662,8173.66650390625,1
"323",1,1,18.2973670959473,8784.6669921875,1
"324",0,0,45.2336502075195,31055.333984375,6
"325",1,1,29.1585731506348,17188.333984375,4
"326",0,0,38.0632438659668,18791.666015625,4
"327",1,1,50.8099594116211,20145,4
"328",0,0,48.0917434692383,35494,6
"329",0,0,13.8427562713623,8437.6669921875,1
"330",0,0,22.6484241485596,9586,1
"331",0,0,34.9428596496582,17979.666015625,4
"332",1,1,38.0706481933594,17726.333984375,4
"333",0,0,16.7487049102783,9962.6669921875,1
"334",1,1,31.4179306030273,18372.333984375,4
"335",1,1,17.9233303070068,7744.33349609375,1
"336",1,1,17.9233303070068,7744.33349609375,1
"337",1,1,21.4038467407227,8195.6669921875,1
"338",1,1,22.152515411377,9810.3330078125,1
"339",0,0,36.4550628662109,25824,5
"340",1,0,44.6608390808105,30165.666015625,5
"341",1,1,22.6158332824707,10687.3330078125,2
"342",1,1,24.8275909423828,11001,2
"343",1,1,29.8223075866699,12267.6669921875,2
"344",1,1,15.8374891281128,7617.66650390625,1
"345",1,0,69.5646591186523,41273.33203125,7
"346",1,1,36.9888343811035,18061.666015625,4
"347",1,0,19.2019195556641,7695.33349609375,1
"348",1,1,20.8234062194824,10415.6669921875,2
"349",1,0,42.8150100708008,20569.333984375,4
"350",1,0,48.8779830932617,35420.66796875,6
"351",1,0,31.9005355834961,13922.6669921875,3
"352",1,1,29.4287796020508,12839,2
"353",1,1,17.9663963317871,7024.33349609375,1
"354",1,1,45.6665344238281,29941.333984375,5
"355",0,0,45.6665344238281,29941.333984375,5
"356",1,1,35.1628341674805,19969.333984375,4
"357",1,1,27.1704654693604,12575.3330078125,2
"358",1,1,23.7186851501465,8631,1
"359",1,1,35.8466529846191,20499.666015625,4
"360",0,0,21.1572647094727,9756.6669921875,1
"361",1,1,20.2099857330322,9546,1
"362",0,0,34.9405059814453,15326.6669921875,3
"363",1,1,34.5136299133301,16731.666015625,3
"364",0,0,17.9162616729736,8482.6669921875,1
"365",1,1,36.6298828125,19603,4
"366",1,0,37.1635704040527,26698,5
"367",1,1,51.2093544006348,31572.666015625,6
"368",1,0,36.3314590454102,19986.333984375,4
"369",1,1,40.9345626831055,16746.333984375,3
"370",1,1,30.8307151794434,17910.666015625,4
"371",1,1,40.073429107666,18202.666015625,4
"372",1,1,38.1270484924316,26274.333984375,5
"373",1,1,36.6298828125,18630.333984375,4
"374",0,0,18.2128238677979,9146,1
"375",0,0,19.0479774475098,9352,1
"376",1,1,36.6298828125,18105,4
"377",1,0,45.1181335449219,18661.666015625,4
"378",1,1,37.571418762207,13882.6669921875,3
"379",1,1,38.8325424194336,17011.666015625,4
"380",1,1,59.6446113586426,31486,6
"381",1,1,29.7131366729736,13472.6669921875,2
"382",1,1,35.1239814758301,27192,5
"383",1,1,20.0380706787109,9763.3330078125,1
"384",1,1,22.5590705871582,9549.3330078125,1
"385",0,0,52.7093086242676,40115.66796875,7
"386",0,0,15.5926837921143,8884.6669921875,1
"387",0,0,51.6501541137695,26558.666015625,5
"388",1,1,51.6501541137695,26558.666015625,5
"389",1,1,62.036693572998,32913,6
"390",1,1,38.2715034484863,19822.333984375,4
"391",1,1,42.868595123291,17130.333984375,4
"392",1,0,30.6694622039795,14703,3
"393",1,0,30.5958557128906,15429.3330078125,3
"394",1,1,48.6966934204102,35777.66796875,6
"395",1,0,22.0683116912842,9306,1
"396",1,1,34.9237937927246,18518.666015625,4
"397",0,0,37.4994735717773,16694.333984375,3
"398",1,1,41.6500053405762,16936,3
"399",0,0,27.3243827819824,29860.333984375,5
"400",0,0,58.08251953125,41946,7
"401",0,0,22.158519744873,11500.6669921875,2
"402",1,1,33.6115531921387,13905.3330078125,3
"403",1,0,16.4946460723877,9776.6669921875,1
"404",1,1,19.3688106536865,10494,2
"405",1,0,23.6781177520752,10037,1
"406",0,0,49.5512466430664,37050.33203125,6
"407",1,1,41.3104248046875,23743,4
"408",1,1,23.6802349090576,11183.6669921875,2
"409",0,0,51.6501541137695,28762.666015625,5
"410",1,0,62.036693572998,35823,6
"411",1,1,62.036693572998,35823,6
"412",0,0,15.8374891281128,7183,1
"413",1,1,19.0113887786865,7617,1
"414",0,0,28.1509857177734,12949.6669921875,2
"415",1,1,37.2577362060547,13880.3330078125,3
"416",0,0,33.410270690918,18180,4
"417",1,0,39.8913459777832,18565.333984375,4
"418",1,0,26.4407348632812,19609.333984375,4
"419",1,1,32.3566818237305,20028.666015625,4
"420",1,1,46.747615814209,31270.666015625,6
"421",1,0,46.747615814209,31270.666015625,6
"422",1,1,57.0769195556641,32947,6
"423",1,0,38.860164642334,21823,4
"424",1,1,23.8977718353271,10700,2
"425",1,1,28.5384616851807,11747.3330078125,2
"426",0,0,33.7756958007812,19544,4
"427",0,0,26.0393333435059,14176,3
"428",1,0,28.2633991241455,17344.333984375,4
"429",1,1,28.2633991241455,17344.333984375,4
"430",1,1,38.2504806518555,14307.3330078125,3
"431",1,0,38.1318893432617,23543,4
"432",1,1,42.9030609130859,23167,4
"433",1,1,41.7722091674805,23147.333984375,4
"434",1,1,41.537353515625,23617.333984375,4
"435",1,1,22.5171318054199,11293.6669921875,2
"436",1,1,26.3695869445801,15098,3
"437",1,0,38.7258605957031,21942.666015625,4
"438",1,1,36.6298828125,18838.666015625,4
"439",1,1,36.91162109375,25702,5
"440",1,1,25.017599105835,10985,2
"441",1,0,22.7146816253662,7715.33349609375,1
"442",1,1,42.7348594665527,25433.333984375,5
"443",1,1,27.2340602874756,12802.3330078125,2
"444",1,1,28.4373970031738,14565.6669921875,3
"445",1,1,28.1076183319092,10947.6669921875,2
"446",0,0,65.0417709350586,46575.66796875,8
"447",1,1,72.3850555419922,45808.33203125,8
"448",1,0,31.2491683959961,14638.6669921875,3
"449",1,0,26.3695869445801,14496,3
"450",1,1,30.7437076568604,15188.3330078125,3
"451",1,1,34.0466651916504,17056.333984375,4
"452",1,1,45.1181335449219,19700.333984375,4
"453",1,0,34.9875221252441,19349.333984375,4
"454",1,1,31.1853618621826,18354.666015625,4
"455",1,0,52.133975982666,40405.66796875,7
"456",1,0,24.2988758087158,13081,2
"457",1,0,36.6058692932129,37277.66796875,6
"458",1,0,17.6053066253662,9604,1
"459",1,1,26.5936279296875,10586.3330078125,2
"460",0,0,37.135368347168,17837,4
"461",1,0,44.7334594726562,20058,4
"462",1,1,29.4398632049561,11873.6669921875,2
"463",1,1,29.3701343536377,12888.3330078125,2
"464",1,0,15.1189661026001,7844.33349609375,1
"465",0,0,21.1572647094727,8377.3330078125,1
"466",1,1,27.8949203491211,14126,3
"467",1,0,27.8949203491211,14126,3
"468",1,1,38.9608726501465,16722.333984375,3
"469",1,0,24.6592254638672,13026.6669921875,2
"470",1,1,46.980884552002,33727.33203125,6
"471",1,0,37.5867385864258,22395,4
"472",1,1,40.8174018859863,22800.666015625,4
"473",1,1,22.1173400878906,7235.33349609375,1
"474",1,0,28.0657806396484,12071.3330078125,2
"475",1,0,23.0634269714355,13016,2
"476",1,0,24.6500854492188,13602.6669921875,3
"477",1,0,34.9237937927246,19847.333984375,4
"478",1,1,15.5926837921143,7238.66650390625,1
"479",1,0,19.9164981842041,11702.6669921875,2
"480",0,0,23.7520809173584,7524.33349609375,1
"481",1,1,22.3373928070068,7256.33349609375,1
"482",1,1,17.3779945373535,7665.66650390625,1
"483",0,0,24.3859748840332,14552,3
"484",1,1,36.89599609375,16411.666015625,3
"485",1,1,45.3162536621094,17840.666015625,4
"486",1,0,30.52490234375,15786.6669921875,3
"487",1,1,40.3425903320312,16794,3
"488",1,1,43.3112182617188,30792,6
"489",1,0,29.6629657745361,9399,1
"490",0,0,15.6236009597778,7927,1
"491",0,0,18.1983623504639,8455,1
"492",1,1,38.3464965820312,21830.666015625,4
"493",1,1,31.7005958557129,11161.3330078125,2
"494",1,1,35.9689140319824,15237,3
"495",0,0,31.1090202331543,13783.6669921875,3
"496",1,1,37.2778854370117,14975.3330078125,3
"497",1,0,38.978645324707,25843,5
"498",0,0,48.7495765686035,40941,7
"499",1,1,24.3061790466309,12251.6669921875,2
"500",1,0,33.2427864074707,15198.3330078125,3
"501",1,1,30.5007820129395,17029.333984375,4
"502",1,1,30.5007820129395,17029.333984375,4
"503",1,1,30.5965175628662,11905,2
"504",1,0,42.7348594665527,28384.333984375,5
"505",1,1,60.1304893493652,31308.666015625,6
"506",1,1,34.4885406494141,17605,4
"507",1,1,50.5936393737793,40726.33203125,7
"508",1,1,57.8535461425781,45375,8
"509",1,0,16.7051372528076,7581.66650390625,1
"510",1,0,19.9456748962402,7271,1
"511",0,0,21.5049743652344,10622.6669921875,2
"512",0,0,28.1509857177734,12226.3330078125,2
"513",1,1,29.785135269165,13166.6669921875,2
"514",0,0,38.7226943969727,31417.666015625,6
"515",1,1,42.868595123291,20638.666015625,4
"516",1,1,42.7348594665527,27148.666015625,5
"517",1,1,25.7474422454834,11472,2
"518",1,1,35.0154342651367,13661.3330078125,3
"519",0,0,23.6768226623535,10592.3330078125,2
"520",1,1,58.3025550842285,30786.666015625,6
"521",1,1,42.196949005127,23164,4
"522",1,1,44.5096588134766,26241,5
"523",1,1,34.299446105957,15268,3
"524",0,0,39.9621238708496,22103.333984375,4
"525",1,0,39.9621238708496,22103.333984375,4
"526",1,1,45.3114204406738,25002.333984375,5
"527",1,0,19.4672317504883,9726.3330078125,1
"528",1,1,33.2711181640625,14534,3
"529",1,0,18.3896961212158,14084.3330078125,3
"530",1,1,42.7348594665527,26282,5
"531",1,0,24.6638278961182,12760,2
"532",1,1,32.0866012573242,16439,3
"533",1,1,22.0683116912842,7226,1
"534",1,1,21.1901531219482,7322.33349609375,1
"535",1,1,43.6253051757812,32729.333984375,6
"536",0,0,17.3779945373535,8794,1
"537",1,0,22.6184043884277,10055,1
"538",1,0,20.4634552001953,9352.3330078125,1
"539",1,0,21.407506942749,9597.6669921875,1
"540",1,0,31.1743621826172,13249.6669921875,2
"541",1,1,38.7729339599609,14400.3330078125,3
"542",1,0,33.2711181640625,16649.333984375,3
"543",1,1,21.4706840515137,14068.6669921875,3
"544",1,1,29.7564582824707,17128,4
"545",1,1,29.4147891998291,11802.6669921875,2
"546",1,0,29.4655666351318,11995,2
"547",0,0,28.9259929656982,12613.6669921875,2
"548",1,1,52.133975982666,42272.33203125,7
"549",1,0,67.2640533447266,47086,8
"550",1,1,46.8707962036133,41365.66796875,7
"551",1,0,54.5950813293457,43010,7
"552",1,1,29.7507133483887,14246.3330078125,3
"553",1,0,16.9234752655029,11670.6669921875,2
"554",1,1,21.0167655944824,12883.3330078125,2
"555",0,0,50.1909332275391,37864.33203125,7
"556",0,0,31.4092655181885,14197.3330078125,3
"557",0,0,46.8658905029297,37467.33203125,7
"558",0,0,23.6802349090576,12490.6669921875,2
"559",1,1,35.5203514099121,17298.666015625,4
"560",0,0,28.7719802856445,16814.333984375,3
"561",0,0,25.9878025054932,16582.666015625,3
"562",1,1,35.2106056213379,20362.333984375,4
"563",1,1,43.1536407470703,29335.666015625,5
"564",1,0,47.0648307800293,17211.333984375,4
"565",0,0,23.6802349090576,12636.3330078125,2
"566",1,1,39.9253425598145,17668,4
"567",0,0,26.7242603302002,14095.6669921875,3
"568",1,0,32.9780540466309,13562,2
"569",1,1,26.7873668670654,13687.6669921875,3
"570",1,1,35.4336585998535,13978.3330078125,3
"571",1,1,24.6592254638672,11021,2
"572",0,0,30.2027950286865,11080,2
"573",1,1,45.4053115844727,24020,5
"574",1,0,39.6514205932617,23702.666015625,4
"575",0,0,39.6514205932617,23702.666015625,4
"576",1,0,42.1073684692383,24020,5
"577",1,1,16.8878498077393,7617.66650390625,1
"578",1,0,19.0359630584717,8846.6669921875,1
"579",1,0,23.2486248016357,9926.3330078125,1
"580",1,1,50.1465950012207,27655,5
"581",0,0,21.1237621307373,10631.3330078125,2
"582",1,1,21.6992053985596,8829,1
"583",1,0,41.0301208496094,31093.666015625,6
"584",1,0,29.0030269622803,11706.3330078125,2
"585",0,0,29.3701343536377,12874,2
"586",0,0,32.2813491821289,22091.666015625,4
"587",1,0,24.859245300293,10301.3330078125,2
"588",0,0,34.299446105957,14581,3
"589",1,1,18.1716747283936,9660,1
"590",0,0,18.1716747283936,9660,1
"591",1,0,21.6468868255615,10491.3330078125,2
"592",0,0,50.6635398864746,41890.33203125,7
"593",1,1,63.4292488098145,45746,8
"594",0,0,34.7559852600098,20730,4
"595",0,0,17.3438129425049,6940.66650390625,1
"596",1,0,16.7051372528076,7761,1
"597",1,0,19.9456748962402,9076.3330078125,1
"598",1,0,23.3250179290771,10583.3330078125,2
"599",1,0,35.5203514099121,19755.666015625,4
"600",1,1,47.817699432373,22961,4
"601",1,1,43.7376708984375,23695.333984375,4
"602",0,0,45.640998840332,33090.33203125,6
"603",1,1,40.9026184082031,21832,4
"604",1,0,22.8498497009277,10115.3330078125,1
"605",1,0,28.5384616851807,11087,2
"606",0,0,36.5158843994141,24075.333984375,5
"607",1,1,43.0411911010742,26074.666015625,5
"608",0,0,31.6749668121338,22392,4
"609",1,1,41.4404106140137,27746.333984375,5
"610",1,1,28.7989559173584,13661,3
"611",1,0,40.8015213012695,23916.666015625,5
"612",1,1,22.9788703918457,7208,1
"613",0,0,59.2005805969238,46845.33203125,8
"614",1,0,28.963321685791,14325.6669921875,3
"615",0,0,49.8913803100586,33752.33203125,6
"616",1,0,32.089714050293,23121.333984375,4
"617",1,0,15.8217554092407,8048.33349609375,1
"618",1,1,18.4462261199951,8893.3330078125,1
"619",1,1,19.1468048095703,9180,1
"620",1,0,18.997371673584,7366.66650390625,1
"621",1,1,19.9720077514648,7520,1
"622",1,1,21.1997776031494,9979,1
"623",1,0,32.2415161132812,15854.6669921875,3
"624",0,0,32.2415161132812,15854.6669921875,3
"625",1,1,42.828929901123,17199.333984375,4
"626",1,1,42.828929901123,17199.333984375,4
"627",1,0,17.9233303070068,9528.6669921875,1
"628",0,0,30.8307151794434,17689.333984375,4
"629",1,1,36.892448425293,19393.666015625,4
"630",1,1,43.0183410644531,26718,5
"631",0,0,43.6601181030273,34174.33203125,6
"632",0,0,48.8579139709473,34658.66796875,6
"633",1,1,52.133975982666,40830.66796875,7
"634",1,0,29.2084121704102,14510.6669921875,3
"635",0,0,27.9511852264404,13192.3330078125,2
"636",1,1,32.8527603149414,17271.333984375,4
"637",1,1,27.4414367675781,13330.3330078125,2
"638",1,0,34.299446105957,15594.3330078125,3
"639",1,0,31.1090202331543,13772.6669921875,3
"640",1,1,37.2778854370117,14542,3
"641",1,1,31.9005355834961,15598.6669921875,3
"642",1,0,46.2077255249023,37951,7
"643",1,0,21.0552654266357,10756.3330078125,2
"644",1,1,22.3017044067383,11091.3330078125,2
"645",1,0,25.7518768310547,13646,3
"646",0,0,23.8977718353271,10622,2
"647",1,1,56.847038269043,30133,5
"648",0,0,53.4366416931152,27323,5
"649",1,1,28.3917427062988,14920,3
"650",1,1,35.0002822875977,21125.333984375,4
"651",0,0,29.7496166229248,14765,3
"652",1,0,30.52490234375,14504.6669921875,3
"653",1,1,37.598445892334,15649.6669921875,3
"654",1,1,45.329174041748,32625,6
"655",1,0,42.2041244506836,33519.66796875,6
"656",1,1,46.9307289123535,35840.66796875,6
"657",0,0,18.2128238677979,7614.33349609375,1
"658",1,0,25.8250770568848,15357,3
"659",1,1,35.7426719665527,18379,4
"660",1,1,45.1181335449219,19947.333984375,4
"661",1,0,57.2243957519531,44892,8
"662",1,0,47.0821304321289,25038.333984375,5
"663",1,1,29.59397315979,13979.6669921875,3
"664",1,0,26.9502029418945,11230.3330078125,2
"665",1,0,49.1100959777832,38478,7
"666",1,1,60.5457801818848,41593.66796875,7
"667",1,1,21.4038467407227,7637.66650390625,1
"668",1,1,31.1256408691406,21508.666015625,4
"669",1,1,53.7106132507324,29611,5
"670",1,1,53.8554611206055,29869.666015625,5
"671",1,1,47.2614364624023,41841,7
"672",1,0,35.6519241333008,21882.333984375,4
"673",1,1,35.1852874755859,22982.666015625,4
"674",1,1,24.3595676422119,11325.6669921875,2
"675",1,0,25.5120315551758,11460.6669921875,2
"676",1,1,31.8732490539551,15711.6669921875,3
"677",0,0,34.2288017272949,16128.6669921875,3
"678",1,1,28.1474990844727,12064.3330078125,2
"679",1,0,21.0515995025635,10145,1
"680",1,1,36.6298828125,17900.666015625,4
"681",1,1,45.1181335449219,18629,4
"682",1,1,45.1181335449219,18629,4
"683",0,0,19.5222587585449,10112.3330078125,1
"684",1,0,26.5936279296875,10509.6669921875,2
"685",1,1,21.0952053070068,10317.6669921875,2
"686",0,0,22.8755149841309,9115.3330078125,1
"687",0,0,22.8755149841309,9115.3330078125,1
"688",1,1,21.8026275634766,8574.3330078125,1
"689",1,1,52.8489685058594,32523,6
"690",1,0,52.8489685058594,32523,6
"691",1,1,38.5817260742188,22324.333984375,4
"692",1,0,23.498722076416,10355.6669921875,2
"693",1,1,21.1901531219482,10108,1
"694",1,1,51.0850944519043,25793.333984375,5
"695",1,1,29.1562690734863,14737.6669921875,3
"696",0,0,17.9233303070068,7563.33349609375,1
"697",1,0,21.4038467407227,8189.33349609375,1
"698",1,0,32.9362144470215,19327,4
"699",1,1,41.9215812683105,18556.333984375,4
"700",1,0,44.5470237731934,34066.66796875,6
"701",1,1,33.8812637329102,15543.6669921875,3
"702",1,0,17.9663963317871,16317,3
"703",1,1,18.4944190979004,8546,1
"704",0,0,21.7753601074219,7160.33349609375,1
"705",1,0,38.2680435180664,20018.333984375,4
"706",0,0,23.0728778839111,10209.3330078125,2
"707",1,1,54.2821044921875,26734.666015625,5
"708",0,0,31.9718742370605,16482,3
"709",0,0,34.5780410766602,13353.6669921875,2
"710",0,0,26.0064449310303,8395,1
"711",1,1,28.1509857177734,11314.6669921875,2
"712",1,1,41.7722091674805,25356,5
"713",1,1,52.637825012207,26622,5
"714",1,0,22.5590705871582,7753.33349609375,1
"715",1,0,25.5290699005127,9727.6669921875,1
"716",1,1,30.6003856658936,12883,2
"717",1,1,55.2941665649414,33689,6
"718",1,1,68.8508605957031,41400.66796875,7
"719",1,0,41.5804786682129,32096,6
"720",1,1,32.7877464294434,16264.6669921875,3
"721",1,1,44.822151184082,24218.666015625,5
"722",1,1,57.9546966552734,30658,6
"723",1,0,38.4746513366699,31331.666015625,6
"724",1,1,21.4150905609131,12938,2
"725",1,1,17.7601795196533,8970,1
"726",1,1,21.2720317840576,9718,1
"727",1,1,31.757682800293,15987.6669921875,3
"728",1,1,31.8837509155273,13401.3330078125,2
"729",1,0,44.3228645324707,26852.666015625,5
"730",1,1,52.637825012207,26565,5
"731",1,1,34.6546096801758,10687,2
"732",1,0,17.3779945373535,7756.66650390625,1
"733",0,0,38.2680435180664,19486.666015625,4
"734",1,1,44.7334594726562,20253.333984375,4
"735",0,0,21.1166477203369,11501,2
"736",1,0,23.9744129180908,12828.6669921875,2
"737",1,0,33.2427864074707,14859.3330078125,3
"738",1,1,20.4634552001953,8796.6669921875,1
"739",0,0,21.407506942749,8593.3330078125,1
"740",1,1,44.1597900390625,21320,4
"741",1,1,44.0551986694336,20681.666015625,4
"742",1,0,42.2332916259766,34633.66796875,6
"743",0,0,28.963321685791,14476.3330078125,3
"744",1,0,33.6365432739258,14768.6669921875,3
"745",1,0,53.8184700012207,33919.66796875,6
"746",1,0,24.9902744293213,10615,2
"747",1,1,25.1413879394531,12311.6669921875,2
"748",1,1,39.6408576965332,18790.666015625,4
"749",1,1,15.8374891281128,7451,1
"750",0,0,40.473445892334,30490.666015625,5
"751",1,1,50.6970291137695,33220.33203125,6
"752",1,0,24.6592254638672,13205.6669921875,2
"753",1,0,23.6835994720459,10516.3330078125,2
"754",1,0,30.0787582397461,12758.6669921875,2
"755",1,0,22.8062992095947,11652.3330078125,2
"756",1,1,17.6173706054688,10902.3330078125,2
"757",1,0,30.3554077148438,16232,3
"758",1,0,15.8374891281128,6884,1
"759",1,0,19.0113887786865,7765.33349609375,1
"760",1,0,47.2064399719238,32764.666015625,6
"761",1,0,52.7073593139648,33370,6
"762",0,0,43.7733840942383,23933,5
"763",0,0,32.8364486694336,16673.666015625,3
"764",1,0,36.0630416870117,14207.3330078125,3
"765",0,0,17.7601795196533,9439,1
"766",1,0,21.2720317840576,9098.3330078125,1
"767",0,0,40.2481460571289,15654.3330078125,3
"768",1,1,40.2481460571289,15654.3330078125,3
"769",1,1,37.1735496520996,14077,3
"770",0,0,29.3443698883057,19728.333984375,4
"771",1,1,25.4899120330811,12134.6669921875,2
"772",0,0,51.024055480957,32888,6
"773",1,0,51.024055480957,32888,6
"774",1,1,62.3474655151367,36824.33203125,6
"775",1,1,26.1738224029541,12436.6669921875,2
"776",1,1,33.7758636474609,16094.3330078125,3
"777",1,1,30.52490234375,12693.3330078125,2
"778",1,0,37.598445892334,15076.3330078125,3
"779",0,0,29.6149883270264,14927.6669921875,3
"780",1,1,19.9626731872559,9807,1
"781",0,0,25.6025581359863,10515,2
"782",1,0,25.6025581359863,10515,2
"783",1,1,30.2108383178711,10675,2
"784",1,1,60.1575164794922,36144.66796875,6
"785",1,1,36.9957389831543,19996,4
"786",0,0,39.3841323852539,21591.666015625,4
"787",0,0,35.4533843994141,14318.3330078125,3
"788",1,1,21.816032409668,9987.6669921875,1
"789",1,0,23.708869934082,8159.33349609375,1
"790",1,1,44.3698348999023,28092,5
"791",1,0,20.1561851501465,11242.3330078125,2
"792",1,0,22.5431423187256,12130.3330078125,2
"793",1,0,22.6634120941162,12087.6669921875,2
"794",0,0,26.2467250823975,11086.3330078125,2
"795",1,1,37.4551429748535,18810.333984375,4
"796",0,0,33.2179222106934,18848.666015625,4
"797",0,0,43.7354736328125,28666.333984375,5
"798",0,0,44.0410003662109,29850,5
"799",1,1,46.8681144714355,30846,6
"800",1,1,23.1706581115723,12755.6669921875,2
"801",1,1,33.627513885498,15174.6669921875,3
"802",1,0,57.4403991699219,31376.333984375,6
"803",1,1,71.58740234375,43694.66796875,7
"804",1,0,43.5737762451172,32158,6
"805",1,1,53.2337837219238,34188,6
"806",0,0,40.5486488342285,25332.666015625,5
"807",0,0,26.1719741821289,10667.3330078125,2
"808",1,1,47.4593238830566,39055.33203125,7
"809",1,1,25.8250770568848,13878,3
"810",1,1,23.8977718353271,11206.3330078125,2
"811",1,0,45.512580871582,35047.33203125,6
"812",1,0,40.5486488342285,25699,5
"813",0,0,38.4038314819336,22712.333984375,4
"814",0,0,18.4570064544678,11316.3330078125,2
"815",1,1,41.2518463134766,31388,6
"816",1,1,44.6732139587402,29550.333984375,5
"817",0,0,44.6732139587402,29550.333984375,5
"818",1,1,48.2079467773438,27597.333984375,5
"819",1,0,19.0392093658447,6846,1
"820",1,1,42.7348594665527,27597.333984375,5
"821",1,0,46.5135345458984,23846.333984375,5
"822",1,0,41.0646209716797,23809.333984375,5
"823",1,1,54.2793235778809,24375.333984375,5
"824",0,0,45.0342597961426,34163.66796875,6
"825",1,0,18.1716747283936,9099.6669921875,1
"826",1,1,26.1373767852783,11944,2
"827",0,0,41.0091667175293,24946,5
"828",0,0,43.368465423584,29269.666015625,5
"829",0,0,35.1372718811035,16615.333984375,3
"830",1,0,36.8851203918457,16704.666015625,3
"831",1,0,28.3627109527588,12391.3330078125,2
"832",1,0,32.4386711120605,17016.333984375,4
"833",1,1,39.8913459777832,18488.333984375,4
"834",1,1,57.4797210693359,40601.33203125,7
"835",1,1,36.6298828125,18448,4
"836",1,1,45.1181335449219,18742.333984375,4
"837",1,1,20.4634552001953,6848.33349609375,1
"838",0,0,37.2821311950684,16543.666015625,3
"839",1,1,45.3162536621094,17739.666015625,4
"840",0,0,45.0139541625977,36293.66796875,6
"841",1,0,57.0341606140137,38545.33203125,7
"842",1,1,60.5281982421875,38312.66796875,7
"843",0,0,31.7081031799316,13038.6669921875,2
"844",1,0,21.5569534301758,10901.3330078125,2
"845",1,0,21.7868900299072,12370.6669921875,2
"846",1,0,24.9698066711426,13742.6669921875,3
"847",1,1,21.5854759216309,9602,1
"848",1,1,19.0392093658447,9626.3330078125,1
"849",1,1,40.4171333312988,27823,5
"850",1,1,44.4172401428223,28678.333984375,5
"851",0,0,51.6744613647461,27368.666015625,5
"852",0,0,47.9103813171387,25641.333984375,5
"853",1,1,17.7601795196533,7468.66650390625,1
"854",0,0,53.1447334289551,28505.666015625,5
"855",1,0,44.6089401245117,33457.66796875,6
"856",1,0,52.5751457214355,29130,5
"857",1,1,20.4634552001953,9065.3330078125,1
"858",1,1,21.407506942749,9338.3330078125,1
"859",1,1,63.7800712585449,48483,8
"860",0,0,23.3022842407227,13209.3330078125,2
"861",1,0,35.9327850341797,15709,3
"862",1,1,41.4166069030762,20586,4
"863",0,0,26.9502029418945,12453.6669921875,2
"864",1,1,20.4634552001953,8518,1
"865",1,1,21.407506942749,9403.6669921875,1
"866",1,0,17.7601795196533,7184.33349609375,1
"867",1,0,21.2720317840576,7869.66650390625,1
"868",1,1,37.5847663879395,18504.666015625,4
"869",1,1,16.4063606262207,10084,1
"870",0,0,22.280065536499,9958,1
"871",1,1,23.7311401367188,9391,1
"872",1,0,22.6797828674316,9547.6669921875,1
"873",0,0,40.5486488342285,28939.333984375,5
"874",1,0,45.329174041748,32894.66796875,6
"875",0,0,60.5207862854004,38479.66796875,7
"876",1,0,15.5926837921143,8334.6669921875,1
"877",1,1,18.4978733062744,8491.6669921875,1
"878",0,0,10.9856729507446,9163.3330078125,1
"879",1,1,21.2720317840576,7224,1
"880",1,0,19.1234741210938,10567.3330078125,2
"881",1,0,57.4020652770996,39811.66796875,7
"882",1,0,17.7601795196533,7722.66650390625,1
"883",1,1,21.2720317840576,7099.66650390625,1
"884",1,1,17.7601795196533,9466,1
"885",1,0,28.3917427062988,14500,3
"886",1,1,16.7051372528076,7639.33349609375,1
"887",1,0,40.5486488342285,27495.666015625,5
"888",1,1,59.6446113586426,33352.33203125,6
"889",1,1,40.818775177002,26217.666015625,5
"890",1,0,29.6799259185791,14667.3330078125,3
"891",1,0,32.1304740905762,15147.6669921875,3
"892",0,0,42.191333770752,33624.66796875,6
"893",0,0,42.191333770752,33624.66796875,6
"894",1,1,49.1899261474609,35617.33203125,6
"895",0,0,26.1597633361816,11705.3330078125,2
"896",1,1,31.9113368988037,11616.3330078125,2
"897",1,1,25.6025581359863,11611,2
"898",1,1,30.2108383178711,12704.3330078125,2
"899",0,0,22.3768749237061,8900,1
"900",0,0,19.0589752197266,9032.3330078125,1
"901",1,1,17.9663963317871,8455.3330078125,1
"902",1,1,46.1667098999023,25954.666015625,5
"903",1,0,32.3646011352539,20694,4
"904",1,1,35.4773864746094,21996.333984375,4
"905",1,0,52.133975982666,38606,7
"906",1,1,60.5457801818848,40691.66796875,7
"907",1,1,30.9283123016357,16416.666015625,3
"908",0,0,42.2212448120117,18750.666015625,4
"909",1,1,35.6450424194336,15136.6669921875,3
"910",1,0,24.3859748840332,15745.6669921875,3
"911",0,0,28.3917427062988,16065.3330078125,3
"912",1,0,38.0168075561523,17703.333984375,4
"913",1,1,53.8184700012207,34866,6
"914",1,0,23.7764167785645,12936.3330078125,2
"915",1,1,24.6183891296387,12531.3330078125,2
"916",1,1,24.3595676422119,11544.3330078125,2
"917",1,0,25.9457244873047,11461.6669921875,2
"918",1,1,18.5062980651855,7513.66650390625,1
"919",1,1,27.8418922424316,15034.3330078125,3
"920",1,1,37.865306854248,17297.666015625,4
"921",0,0,63.7800712585449,45831.33203125,8
"922",0,0,74.5557632446289,48284,8
"923",1,1,31.6435031890869,21057.333984375,4
"924",1,1,36.6298828125,17771.333984375,4
"925",0,0,62.2596397399902,42168,7
"926",1,1,66.7003784179688,44703,8
"927",1,0,31.0315170288086,13514.3330078125,2
"928",0,0,31.2471981048584,20171,4
"929",1,0,17.7601795196533,7635.66650390625,1
"930",1,0,35.5203514099121,19094.666015625,4
"931",1,0,43.1536407470703,27068.666015625,5
"932",1,1,29.9100399017334,13872.6669921875,3
"933",1,0,30.8680591583252,15677.6669921875,3
"934",1,0,46.5251350402832,20014.666015625,4
"935",0,0,34.9875221252441,22485.333984375,4
"936",1,0,34.9875221252441,22485.333984375,4
"937",1,1,42.2212448120117,22345,4
"938",1,0,18.4978733062744,6948,1
"939",0,0,54.4860992431641,41426.33203125,7
"940",1,0,54.4860992431641,41426.33203125,7
"941",1,1,59.111930847168,40768,7
"942",1,1,29.5017147064209,22040,4
"943",1,0,46.34130859375,31709.333984375,6
"944",1,0,23.2625694274902,6849.66650390625,1
"945",0,0,14.9509935379028,15915,3
"946",1,1,59.2005805969238,48320.33203125,8
"947",1,1,70.9067687988281,49786.33203125,8
"948",1,1,20.8314666748047,10422.6669921875,2
"949",0,0,20.4286556243896,8115.66650390625,1
"950",1,0,20.4634552001953,9713.3330078125,1
"951",1,1,27.7245693206787,10272.3330078125,2
"952",1,1,47.3560638427734,31738,6
"953",0,0,16.2157001495361,11808.3330078125,2
"954",0,0,34.2288017272949,14317.6669921875,3
"955",0,0,26.7802352905273,14371,3
"956",1,0,28.3028678894043,16545.333984375,3
"957",1,1,30.682544708252,12860,2
"958",1,1,37.2778854370117,14592.3330078125,3
"959",1,0,48.127269744873,39994.66796875,7
"960",1,0,63.7117538452148,50202,8
"961",1,0,17.7601795196533,7554.33349609375,1
"962",0,0,21.2720317840576,8212.3330078125,1
"963",1,1,23.8977718353271,11416.6669921875,2
"964",1,1,24.4906120300293,13935,3
"965",1,1,36.8842163085938,19985.666015625,4
"966",1,0,31.8460998535156,15077,3
"967",1,1,34.6876220703125,18576,4
"968",1,0,26.909236907959,10314,2
"969",0,0,16.3401679992676,7376.66650390625,1
"970",1,1,19.9626731872559,7510.33349609375,1
"971",0,0,58.8797149658203,36048.66796875,6
"972",1,0,64.1123428344727,37765.66796875,7
"973",1,0,35.2106056213379,22404.666015625,4
"974",1,1,41.8210945129395,26788.666015625,5
"975",1,0,21.2276172637939,10426,2
"976",1,1,26.909236907959,12245,2
"977",1,1,26.0922966003418,15326.3330078125,3
"978",1,1,37.6190757751465,20465.666015625,4
"979",1,1,36.0330467224121,26075.333984375,5
"980",1,1,29.4655666351318,10535.6669921875,2
"981",0,0,15.8374891281128,8220.6669921875,1
"982",1,0,19.0113887786865,8765,1
"983",1,1,21.1166477203369,11337,2
"984",1,1,25.348518371582,11350,2
"985",1,1,35.0953025817871,17279.666015625,4
"986",1,1,33.1516914367676,13647.3330078125,3
"987",1,1,24.3061790466309,11790.3330078125,2
"988",1,0,50.7625617980957,35445.33203125,6
"989",1,0,21.0360145568848,8736.3330078125,1
"990",1,1,45.5331039428711,18898.333984375,4
"991",1,0,36.6298828125,17823.333984375,4
"992",1,0,50.1534957885742,24555.666015625,5
"993",0,0,23.1706581115723,12791,2
"994",0,0,33.627513885498,14641.3330078125,3
"995",1,1,18.7919902801514,10118.6669921875,1
"996",0,0,40.5486488342285,28130.333984375,5
"997",0,0,21.7868900299072,11293.6669921875,2
"998",0,0,26.6168956756592,12468.3330078125,2
"999",1,1,20.4634552001953,8381.3330078125,1
"1000",1,0,15.5926837921143,7269.66650390625,1
"1001",0,0,50.495189666748,30820.333984375,6
"1002",1,1,56.8914794921875,32051,6
"1003",1,0,20.0145092010498,12554.6669921875,2
"1004",1,0,30.52490234375,15887.3330078125,3
"1005",0,0,49.6797561645508,36069,6
"1006",1,1,57.1078796386719,38146.66796875,7
"1007",1,1,27.4448356628418,14324,3
"1008",1,0,22.0025196075439,8629,1
"1009",1,0,22.6851482391357,9363.6669921875,1
"1010",1,1,32.7635383605957,17329.333984375,4
"1011",1,0,15.8374891281128,7816.66650390625,1
"1012",1,1,19.0113887786865,8083.66650390625,1
"1013",1,1,23.8977718353271,11779.3330078125,2
"1014",1,1,31.1267642974854,13403.3330078125,2
"1015",1,0,23.0728778839111,9836,1
"1016",1,0,28.3627109527588,10288.6669921875,2
"1017",1,1,28.3627109527588,10288.6669921875,2
"1018",1,0,26.0589542388916,8994.3330078125,1
"1019",1,1,26.0589542388916,8994.3330078125,1
"1020",1,0,23.0563907623291,8183,1
"1021",0,0,20.4462757110596,8037.66650390625,1
"1022",1,0,17.7601795196533,8007.33349609375,1
"1023",1,0,47.360466003418,34860,6
"1024",1,1,61.6533393859863,37487,7
"1025",1,0,24.1213397979736,12060,2
"1026",1,1,31.6720294952393,12009.6669921875,2
"1027",1,1,38.7729339599609,14333.6669921875,3
"1028",1,1,35.7426719665527,16958.333984375,3
"1029",0,0,31.6924133300781,16501,3
"1030",1,0,17.7601795196533,7700,1
"1031",1,0,21.2720317840576,7910.66650390625,1
"1032",1,0,48.9722633361816,36633,6
"1033",1,0,36.9541282653809,29682,5
"1034",1,1,50.6739807128906,30796,6
"1035",1,1,44.6460494995117,28239,5
"1036",1,0,44.6460494995117,28239,5
"1037",1,0,52.1890335083008,29425,5
"1038",0,0,14.9788179397583,12849,2
"1039",1,1,16.8614082336426,11263,2
"1040",1,1,17.7601795196533,6912,1
"1041",1,0,21.2720317840576,9076.3330078125,1
"1042",1,0,26.2467250823975,12795.6669921875,2
"1043",1,0,34.4885406494141,17641,4
"1044",1,0,37.4897994995117,24664.333984375,5
"1045",1,1,28.0009994506836,15786.3330078125,3
"1046",1,0,38.0227737426758,19429.666015625,4
"1047",1,1,52.2718391418457,30894.333984375,6
"1048",1,1,41.4404106140137,26507.333984375,5
"1049",1,1,49.6347351074219,29683,5
"1050",1,0,36.6298828125,18259,4
"1051",1,1,45.1181335449219,18682.666015625,4
"1052",1,1,45.1181335449219,18682.666015625,4
"1053",1,0,14.1493072509766,7607.66650390625,1
"1054",1,1,14.1468620300293,7426,1
"1055",1,1,51.9756011962891,49495.33203125,8
"1056",0,0,19.0392093658447,7717.66650390625,1
"1057",1,1,30.8475227355957,26319.333984375,5
"1058",0,0,40.2326011657715,25289.666015625,5
"1059",1,1,45.1159439086914,24419.666015625,5
"1060",1,1,51.0850944519043,27441.333984375,5
"1061",1,0,15.1189661026001,7395.33349609375,1
"1062",1,1,17.7933750152588,9364.6669921875,1
"1063",1,0,41.3162536621094,32045.333984375,6
"1064",1,1,37.6190757751465,22284.666015625,4
"1065",0,0,26.0393333435059,16224.6669921875,3
"1066",1,0,13.8427562713623,7935.33349609375,1
"1067",0,0,48.6216011047363,31900.666015625,6
"1068",1,1,54.9080543518066,34168,6
"1069",1,1,18.9340991973877,10210.6669921875,2
"1070",1,0,24.6638278961182,12381.6669921875,2
"1071",1,0,57.9266395568848,46418.33203125,8
"1072",1,0,18.7479667663574,10106,1
"1073",1,0,31.8460998535156,16392.666015625,3
"1074",0,0,44.0220985412598,31561.666015625,6
"1075",1,1,44.0220985412598,31561.666015625,6
"1076",1,0,55.1499900817871,37497,7
"1077",1,1,55.1499900817871,37497,7
"1078",1,1,19.0834770202637,13309.3330078125,2
"1079",1,1,35.3239860534668,23995.666015625,5
"1080",1,1,17.3779945373535,7686.66650390625,1
"1081",1,0,36.4296531677246,13657.3330078125,3
"1082",0,0,35.5203514099121,20770,4
"1083",1,0,28.5643520355225,16159.6669921875,3
"1084",1,1,22.0397796630859,10550.6669921875,2
"1085",0,0,26.2258548736572,13731.3330078125,3
"1086",1,0,39.4642181396484,23723.666015625,4
"1087",0,0,18.4944190979004,7761.66650390625,1
"1088",1,1,23.2625694274902,7900,1
"1089",1,1,32.0031967163086,15843.3330078125,3
"1090",1,1,11.0160026550293,11268,2
"1091",1,1,35.7904624938965,13775.3330078125,3
"1092",1,1,55.6054801940918,29490.666015625,5
"1093",1,1,69.7912826538086,42962.66796875,7
"1094",1,1,19.1468048095703,11816.3330078125,2
"1095",1,1,61.6299591064453,44281.33203125,8
"1096",1,1,21.6694469451904,10513,2
"1097",0,0,31.6435031890869,17760.333984375,4
"1098",0,0,36.892448425293,18257.666015625,4
"1099",0,0,17.7601795196533,7571.66650390625,1
"1100",1,1,21.2720317840576,7835,1
"1101",1,0,13.2981595993042,7803.33349609375,1
"1102",1,0,15.7625761032104,9459.6669921875,1
"1103",1,0,17.7601795196533,8765.3330078125,1
"1104",1,1,19.1468048095703,17518.666015625,4
"1105",0,0,34.9875221252441,19417.333984375,4
"1106",1,1,20.7902431488037,11176.6669921875,2
"1107",1,1,52.5794906616211,46380.66796875,8
"1108",1,0,59.1940231323242,49262.33203125,8
"1109",1,0,13.2456645965576,13605,3
"1110",1,0,13.2456645965576,13605,3
"1111",0,0,32.7078437805176,18041.333984375,4
"1112",1,0,29.6002941131592,14233.3330078125,3
"1113",1,1,31.8900375366211,16378.3330078125,3
"1114",1,0,31.2471981048584,17524.666015625,4
"1115",0,0,25.2451095581055,12045,2
"1116",0,0,36.4256439208984,19758.666015625,4
"1117",1,1,38.0959510803223,20062,4
"1118",1,0,26.1597633361816,13026.3330078125,2
"1119",1,1,27.6401996612549,13340.3330078125,2
"1120",1,0,33.1289100646973,29542,5
"1121",1,0,11.2341146469116,8793.3330078125,1
"1122",1,1,15.3598690032959,10857.6669921875,2
"1123",1,1,16.8878498077393,7671,1
"1124",1,1,29.6002941131592,14890.3330078125,3
"1125",1,1,35.4533843994141,16237,3
"1126",1,1,30.3405303955078,15044.6669921875,3
"1127",1,0,20.0145092010498,10842.3330078125,2
"1128",1,0,17.9663963317871,7253,1
"1129",0,0,25.4958591461182,10204.6669921875,2
"1130",1,0,46.7780418395996,42469,7
"1131",0,0,61.6369590759277,46605.66796875,8
"1132",1,0,26.0393333435059,14184.3330078125,3
"1133",1,1,17.7601795196533,6856.33349609375,1
"1134",0,0,36.6298828125,18692.666015625,4
"1135",1,1,45.1181335449219,19164.333984375,4
"1136",1,0,41.753662109375,29175.666015625,5
"1137",1,1,41.753662109375,29175.666015625,5
"1138",1,1,53.2337837219238,34852.33203125,6
"1139",1,1,13.2203712463379,8937.6669921875,1
"1140",1,1,16.1783428192139,9406,1
"1141",1,0,52.133975982666,40438,7
"1142",1,1,42.7348594665527,26526.666015625,5
"1143",1,1,52.637825012207,28856,5
"1144",1,0,52.637825012207,28856,5
"1145",0,0,31.6749668121338,20520.333984375,4
"1146",1,0,32.0952835083008,24145,5
"1147",0,0,24.1827983856201,13396.6669921875,2
"1148",1,1,45.1241836547852,37523,7
"1149",1,0,38.0566101074219,18611.666015625,4
"1150",1,1,37.7120780944824,20340.333984375,4
"1151",1,1,33.0471115112305,17532.666015625,4
"1152",1,1,34.8077278137207,16789.333984375,3
"1153",1,1,64.601936340332,39423.66796875,7
"1154",1,1,18.3149452209473,7800.66650390625,1
"1155",0,0,45.9558258056641,36419.66796875,6
"1156",1,1,54.5950813293457,39594.33203125,7
"1157",1,0,22.6117858886719,10599.6669921875,2
"1158",1,1,28.1474990844727,11146,2
"1159",1,1,34.7559852600098,20485.666015625,4
"1160",0,0,17.3779945373535,7129,1
"1161",1,1,35.4533843994141,15753,3
"1162",1,0,44.6460494995117,25386,5
"1163",0,0,24.5964202880859,12670.6669921875,2
"1164",1,0,30.7437076568604,15291,3
"1165",1,0,22.1173400878906,8016.66650390625,1
"1166",1,0,35.8466529846191,19516.666015625,4
"1167",1,0,15.5926837921143,8497.6669921875,1
"1168",1,1,24.6412220001221,11209.6669921875,2
"1169",1,1,23.2973175048828,9566,1
"1170",1,1,25.1375503540039,10822.3330078125,2
"1171",1,0,52.7808799743652,38194.66796875,7
"1172",1,0,63.816089630127,40398.66796875,7
"1173",0,0,35.4773864746094,20991,4
"1174",1,1,26.9502029418945,22536,4
"1175",1,1,29.0614032745361,13281.6669921875,2
"1176",0,0,40.9441452026367,19370,4
"1177",1,1,20.4634552001953,8678,1
"1178",1,1,21.407506942749,8858,1
"1179",1,1,37.5548210144043,18548.666015625,4
"1180",1,1,21.4210071563721,7135.66650390625,1
"1181",1,0,15.8374891281128,8368,1
"1182",0,0,21.3250579833984,10022.6669921875,1
"1183",0,0,23.8977718353271,11865.3330078125,2
"1184",1,1,28.5384616851807,13269.6669921875,2
"1185",1,0,24.3061790466309,11761.6669921875,2
"1186",1,0,26.0859870910645,16755,3
"1187",1,0,26.0859870910645,16755,3
"1188",0,0,26.9805641174316,12177.6669921875,2
"1189",1,1,16.4946460723877,7244.33349609375,1
"1190",1,1,26.1819953918457,12661.6669921875,2
"1191",1,1,29.9439868927002,12924.3330078125,2
"1192",1,1,28.4059867858887,13465.6669921875,2
"1193",0,0,54.9448204040527,40275.66796875,7
"1194",1,1,23.8977718353271,10488.3330078125,2
"1195",1,0,18.3901329040527,9336,1
"1196",1,0,36.4550628662109,26301.666015625,5
"1197",0,0,30.7040157318115,20180,4
"1198",1,1,35.8525238037109,23978,5
"1199",1,0,36.9541282653809,25680,5
"1200",1,1,44.3599014282227,28213.333984375,5
"1201",0,0,31.2414302825928,18888.333984375,4
"1202",1,0,20.3197193145752,10271.3330078125,2
