"vf_age","vf_party","vf_racename","vf_female","tolerance.t0","tolerance.t1","tolerance.t2","tolerance.t3","tolerance.t4","treatment.delivered","treat_ind"
29,"D","African American",0,-1.940303318255,-2.23045673801869,-0.679679228685867,-1.16951754532632,NA,FALSE,0
35,"D","African American",1,-0.0845401336505679,0.807246958762083,0.742843980937069,0.94629449482901,0.279987153373725,TRUE,1
72,"N","African American",1,-0.0845401336505679,NA,NA,NA,NA,FALSE,0
63,"D","African American",1,-0.0845401336505679,-0.0961481004795024,-0.1575080214004,0.0242335012548508,-0.0304401299463182,TRUE,1
51,"N","Caucasian",1,0.144804956482562,-0.321581287218878,-0.15609392260498,-0.244166184914216,0.281483487531448,FALSE,0
26,"D","African American",1,-0.0721288443019816,-0.0961481004795024,-0.00898264613784259,-0.10922156475095,-0.312393899792471,FALSE,0
62,"D","African American",1,0.986794525085087,1.06734309638099,NA,0.0483257911663459,0.643182884746324,TRUE,1
20,"D","African American",0,-0.0760326627220169,-0.616735913164824,NA,NA,-0.0304401299463182,TRUE,1
51,"D","African American",1,1.51584880610904,NA,NA,NA,NA,TRUE,1
72,"D","African American",0,-1.14865817093488,NA,NA,NA,NA,TRUE,1
37,"R","Caucasian",0,-0.0845401336505679,NA,NA,-0.393871288302399,NA,FALSE,0
51,"R","Caucasian",1,-0.862451872156486,-0.460891853878932,-0.873159384464663,-0.998580266776308,-0.729949376770199,FALSE,0
53,"R","Caucasian",1,2.03510476672724,1.60693832084327,2.08692801345187,1.76761300417175,1.94212979971705,FALSE,1
66,"D","Hispanic",1,0.593273777679281,1.29632277789733,0.633987377347157,0.737621760009993,0.426163177253403,TRUE,1
64,"D","African American",1,-0.234590613433666,-0.462751893554274,-0.0946852968282516,-0.0330514826132637,0.282793296215502,FALSE,0
57,"D","Caucasian",1,1.04135083020063,-0.013573633544444,0.339496944201176,0.175396643696046,0.282066516555502,FALSE,0
39,"D","African American",1,0.687477102869628,NA,NA,NA,0.257429985394656,FALSE,0
61,"N","Hispanic",0,0.176728613179979,0.755395110181884,0.301897353235791,0.201999409506038,0.889580033380886,FALSE,0
82,"D","Hispanic",1,0.157100702380048,-0.0961481004795024,NA,NA,NA,TRUE,1
75,"D","African American",0,-0.59006268545456,NA,NA,NA,0.100962276310345,FALSE,0
50,"D","African American",1,0.434715826967632,1.03981827406931,0.847613768141512,1.06495529944092,1.12438755338375,TRUE,1
58,"D","African American",1,-0.0871531025933965,-0.760621858135143,-0.197328754954639,0.316231951314307,-0.0558706833372008,FALSE,0
68,"R","Caucasian",1,2.03510476672724,1.43793236099436,1.50586796208056,1.52288660189034,0.430048457964825,TRUE,1
63,"N","African American",1,-1.3170457120407,NA,NA,NA,NA,FALSE,1
19,"D","African American",1,0.607790723844227,NA,NA,NA,NA,FALSE,0
28,"N","African American",1,-1.27099687785371,-1.67822869766943,-0.462337004048483,-0.935633931720794,-0.816530509345102,TRUE,1
58,"D","African American",1,0.170834111194257,0.755395110181884,0.849572962273932,0.614252637476777,1.19344060500326,FALSE,0
22,"N","African American",0,1.45949433938982,1.3818989718516,1.00312958919041,1.03675856033156,0.863127293321139,FALSE,0
40,"D","Hispanic",0,0.802599188337112,-0.0961481004795024,-0.0213130465999309,0.0242335012548508,-0.180584467873686,FALSE,0
25,"D","African American",1,-0.0845401336505679,-0.0961481004795024,-0.0351056956046811,0.166558363030575,0.277001933956603,FALSE,0
23,"D","African American",1,0.757564978403057,-0.0961481004795024,NA,1.37482265378681,NA,TRUE,1
41,"D","African American",1,-0.104168044450498,0.223331852035167,NA,-0.861470207406538,-0.340403081723601,FALSE,0
58,"R","Hispanic",0,-1.46841831128942,NA,NA,NA,NA,TRUE,1
58,"N","Caucasian",1,-0.664361874620708,-0.325151924813383,-0.484180698856081,-0.162158773453827,-0.312006492602986,TRUE,1
31,"D","African American",1,1.21863704070995,-0.100792801953718,0.0341405441948735,1.49839234998116,0.575796061663482,TRUE,1
65,"D","African American",0,-0.408480317649414,-0.496387619267807,-0.753849176357482,-0.541683601735175,NA,TRUE,1
55,"D","Caucasian",1,0.375440896092899,0.636908555659999,0.838645569133002,0.553214759257501,0.572825808074521,TRUE,1
48,"N","African American",1,-0.607077627311662,-0.470287006490994,-0.870650676452023,-0.884534720224014,-1.55379002180745,TRUE,1
81,"D","African American",1,-2.20418503402838,-0.989625682469023,-0.55446562559225,-0.557534798940507,0.65226729233251,TRUE,1
19,"N","Hispanic",0,-0.0845401336505679,-1.02884471516223,0.0697853853928588,-0.404255531834461,NA,FALSE,0
85,"R","Caucasian",1,-1.12223724754782,NA,-0.764765478024151,-0.330820534104979,-1.04332048005794,FALSE,0
43,"R","Hispanic",1,-0.870290778984972,-0.982945868491884,-0.0866788633403902,-0.543544876586131,-0.635877966389354,TRUE,1
57,"D","African American",1,-1.42366032657963,-1.57911924985467,-1.22218932206807,NA,NA,FALSE,0
57,"R","Caucasian",1,1.20673306348783,1.51074198038718,0.922356368863425,1.41253355861068,1.01819538020861,TRUE,1
57,"R","Caucasian",1,0.432102858024804,-0.0961481004795024,NA,0.744760110272102,NA,TRUE,1
58,"D","African American",0,-2.18116061693488,-0.874026392788482,-1.39834866067573,NA,-0.655337941618187,FALSE,1
42,"D","African American",1,2.01208034963375,1.35389169213167,0.491984775187826,1.05819401757182,0.950916492979594,TRUE,1
69,"D","Caucasian",0,1.77122305095387,1.57244729617016,1.17877560817768,1.33782151552601,1.45068399254871,FALSE,0
49,"D","African American",1,-2.20418503402838,-1.89177160500332,-1.99335913185127,-2.05721009511729,-1.39974412158884,FALSE,0
31,"D","African American",1,-0.0845401336505679,0.173865514391473,-0.198940596179467,-0.185326353615213,-0.28376885068896,TRUE,1
50,"D","African American",1,-0.181240884332643,-1.16876618479034,-1.38862759065496,-0.314942320761151,-0.675303551259587,FALSE,0
36,"D","African American",1,-1.12305205488697,-0.988376545761731,-0.909560707589806,-1.2951505246498,-0.83904022802754,TRUE,1
50,"D","Caucasian",0,0.687477102869628,0.801269814034694,1.15480137776008,0.395726178458914,1.11026113414142,FALSE,0
56,"D","Caucasian",1,0.687477102869628,1.73578132937885,1.68050090672326,1.94982967211306,1.57258540451712,TRUE,1
55,"D","African American",0,0.665351766577969,0.587244449292554,NA,NA,NA,FALSE,0
27,"D","Caucasian",1,-1.22494804366671,-0.746630289683945,0.362244454378135,0.022559738256429,-0.239438425470691,FALSE,0
38,"N","Hispanic",1,-0.0845401336505679,-0.546226798462832,-1.09981833135576,-0.562767400783664,-1.35147067499327,FALSE,1
43,"D","African American",1,-0.0845401336505679,0.76677878936158,0.893702640446696,0.655785598927018,0.898744752575707,TRUE,1
23,"D","African American",0,-2.20418503402838,-0.947691311140889,-1.99120422753542,-1.76521164505784,-2.1441503015595,FALSE,0
58,"D","African American",1,-1.37581333078896,NA,NA,NA,NA,FALSE,0
37,"D","African American",1,-0.617529503082976,-0.985661207126807,-0.496665974556715,-0.263402941375558,-0.924276526601375,FALSE,0
77,"D","African American",1,-1.1931399304204,-0.947691311140889,-0.909560707589806,-1.34822510221605,-0.924007553213776,TRUE,1
62,"D","African American",0,-0.595288623340217,0.24148566455233,-0.334592507888923,-0.414661618394364,-0.322971254281019,TRUE,1
75,"D","African American",1,-0.856557370170764,-1.7053596822334,-0.979805967613926,NA,-1.52754246462221,FALSE,0
56,"D","African American",1,-0.986588170478563,-0.687397404798228,-0.113600624972021,-0.00721489207547425,-0.456897586152492,FALSE,0
26,"D","African American",0,-1.43216779750818,-1.33702429504309,-0.331649982882551,-0.260494474033566,-0.0468088466937654,TRUE,1
21,"D","African American",0,-0.578666020358912,-0.500721789540193,NA,NA,NA,TRUE,1
30,"D","African American",0,0.277840494408559,1.42043777841282,1.03791090510818,NA,NA,TRUE,1
51,"D","African American",1,-0.637126143894492,NA,NA,NA,NA,FALSE,0
18,"D","African American",1,2.03510476672724,2.06568535937137,1.75518227537982,1.917512816925,2.08327004166687,FALSE,0
42,"D","Hispanic",1,2.03510476672724,2.06568535937137,0.967441666685512,1.42146737385376,1.78017451680472,FALSE,0
72,"D","African American",0,-0.606409063211597,-0.294911763866773,-0.0679916871618241,-0.282625465573091,0.71831651138027,FALSE,0
66,"D","African American",1,-0.360325826646061,-0.426052130472025,0.25323180731685,0.124501117658481,0.259592381912701,FALSE,0
60,"D","African American",1,-0.52270332231506,0.728808893375661,-0.367883214840505,1.61644986173055,0.0904912564301298,FALSE,0
24,"D","African American",1,-0.149402071298339,-0.332571128650863,-0.51922696949384,-0.868447807815344,-0.201351680696033,TRUE,0
68,"D","Hispanic",1,1.71327023954476,NA,NA,NA,NA,TRUE,1
62,"D","African American",0,-1.28500651189218,NA,NA,NA,NA,FALSE,1
68,"D","Hispanic",1,-0.0845401336505679,0.659174626908259,-0.49294092797408,0.474295360447801,1.02725721685205,FALSE,0
56,"D","Caucasian",1,0.685371446053268,1.39724712637352,0.916161721884922,1.03142990731423,0.677679197095802,FALSE,0
46,"D","African American",1,0.432102858024804,0.755395110181884,0.755940436736384,0.485198704768507,0.597929647411919,FALSE,0
67,"D","Caucasian",0,-0.0845401336505679,-0.0961481004795024,-0.0213130465999309,0.0242335012548508,-0.0304401299463182,FALSE,1
19,"N","Hispanic",0,0.687477102869628,NA,NA,NA,NA,FALSE,1
43,"N","Hispanic",1,0.687477102869628,0.911369103281439,1.01953765390309,1.09200042691734,0.967631397346186,FALSE,0
45,"N","Hispanic",0,-0.0845401336505679,0.0869568771840279,0.711766146248634,0.0242335012548508,-0.0239086234447528,FALSE,0
50,"D","Caucasian",0,0.426208356039081,NA,NA,NA,NA,FALSE,0
33,"N","Caucasian",0,0.687477102869628,0.0869568771840279,0.730739639589475,0.753598390937573,0.993757423352447,TRUE,1
19,"N","Hispanic",0,-0.918137774775642,-0.581481355813828,-1.17887283356006,-1.04430721044387,-1.14520057774981,FALSE,0
39,"D","African American",1,-0.291759887492039,-0.0961481004795024,-0.453181272973864,-0.116601806363409,-0.478637981079687,TRUE,1
36,"D","African American",1,-1.15638210451269,-1.85507184192107,-1.8571641570508,-1.77256037156584,-1.6874892536939,FALSE,1
25,"D","African American",0,-0.910298867947156,NA,NA,NA,NA,TRUE,1
54,"D","Caucasian",1,0.687477102869628,NA,NA,NA,NA,TRUE,1
37,"R","Caucasian",1,-0.0845401336505679,-0.589386163680719,-0.444451669135656,-0.435242148101341,NA,FALSE,0
62,"D","Hispanic",0,0.687477102869628,-0.489731948108207,0.543807629568099,0.634753377484704,0.865680194405759,FALSE,1
51,"D","Hispanic",1,-0.0845401336505679,0.26467631659163,NA,NA,0.564747066061654,TRUE,1
42,"D","African American",1,-0.348421849423943,0.27923679561812,-0.182300387085695,-1.06880798050776,-0.478631576552626,FALSE,0
51,"D","African American",0,-0.510491849880259,-2.25798156033038,-2.12955410665174,-1.51743161446423,-2.1441503015595,FALSE,0
45,"D","African American",1,0.940238378771624,0.755395110181884,0.114881928200538,0.572437283455033,0.50239192779274,TRUE,1
40,"D","African American",1,0.179341582122808,-0.0961481004795024,NA,NA,NA,FALSE,0
62,"D","African American",0,-0.339914378495393,NA,NA,NA,NA,TRUE,1
53,"D","African American",1,0.420982418153424,-0.167163815407283,-0.0603461594636398,0.157720082365104,-0.340345341057716,TRUE,1
65,"D","African American",1,-1.37581333078896,NA,NA,NA,NA,TRUE,1
54,"N","Caucasian",1,1.46979997192205,1.17744238562774,1.46404719944903,1.34926708046785,1.02243635044333,FALSE,0
52,"D","African American",1,0.687477102869628,0.0873507149317386,-0.1575080214004,0.166558363030575,0.118778854016368,FALSE,0
64,"D","Caucasian",1,0.687477102869628,0.308031750833477,1.00312958919041,0.895923252713298,1.13644490081357,FALSE,0
24,"D","African American",1,1.61855960222794,1.33326544871725,2.08692801345187,2.10567709762699,1.06346452397423,FALSE,0
56,"D","African American",1,-0.0845401336505679,-0.134117996465422,-0.0213130465999309,0.03161374286731,0.118452139962883,FALSE,1
25,"N","Hispanic",1,1.34316567790782,-0.0961481004795024,1.3319328022561,1.34946908874601,1.20357272267117,FALSE,0
55,"D","Hispanic",1,-0.660150560987988,-0.554895139007605,-0.478666294432339,-0.584929287486018,-0.77478856925109,FALSE,0
59,"R","Caucasian",1,0.168221142251428,0.716176077488673,1.00312958919041,0.435577008942996,0.863127293321139,TRUE,1
56,"N","Hispanic",0,0.53532096627017,NA,NA,NA,NA,FALSE,1
66,"N","Hispanic",1,-0.0845401336505679,0.714709875561041,0.971825695387484,0.901774814299809,0.559754058969519,FALSE,0
46,"N","Hispanic",1,-0.0845401336505679,0.0869568771840279,-0.0213130465999309,0.0242335012548508,-0.165855956663207,FALSE,1
47,"D","African American",0,0.168221142251428,-0.542262323120617,-0.835823927713029,-0.264917389137696,-0.172500202300166,FALSE,0
34,"N","Caucasian",0,0.768961643498705,1.71491217822676,1.79851818699073,1.88690113649475,1.95263991163556,TRUE,1
24,"D","African American",0,-1.18268805464908,-2.25798156033038,-2.12955410665174,-2.05721009511729,-1.58089618997417,TRUE,1
46,"D","Caucasian",0,-2.20418503402838,-1.57691051144553,-0.784365449469882,-0.714040310066279,-0.800219122641973,FALSE,1
65,"D","African American",1,-1.43216779750818,NA,NA,NA,NA,TRUE,1
42,"N","Hispanic",1,-0.0845401336505679,0.679870152154135,0.892699065963599,NA,0.699381824509604,FALSE,0
56,"R","Caucasian",0,0.168221142251428,0.708665107369492,0.700295690016691,0.609815490108837,NA,TRUE,1
30,"D","African American",1,-0.660150560987988,NA,NA,NA,NA,TRUE,1
77,"R","Caucasian",0,0.687477102869628,1.03064333329875,0.25323180731685,NA,0.132648958288133,TRUE,1
72,"D","African American",1,-0.915524805832813,-0.808335605466916,-0.635015853673026,-0.565824760835559,-0.783136284651556,TRUE,1
26,"N","Hispanic",0,1.96603151544675,2.06568535937137,1.23750651015669,2.10567709762699,1.47973513025843,TRUE,1
30,"D","African American",1,-1.62857460669096,-2.25798156033038,-1.96368123761571,NA,NA,FALSE,0
60,"D","Caucasian",0,1.51584880610904,1.17220777738185,1.47028268137241,1.37631220794427,0.256946156122559,FALSE,1
59,"N","Caucasian",0,0.157100702380048,0.585601474837552,0.587232055307152,1.0187440564761,1.18903007140664,TRUE,1
80,"D","Caucasian",1,-0.843446816934125,-1.00225849835601,-0.470542925089876,-1.17088529415617,-0.752394746216925,FALSE,0
48,"R","Caucasian",1,0.168221142251428,0.746220169411322,0.428704452580544,0.0154343464578637,-0.0304401299463182,FALSE,0
24,"D","African American",0,-1.17889920947972,-0.553035099332263,-0.999443817838878,0.0727041800417093,-1.02445274021324,FALSE,0
62,"D","African American",1,-0.0845401336505679,-0.321187449471167,-0.49084710221226,-0.118130486389357,-0.179601373243118,TRUE,0
54,"D","Hispanic",1,0.434715826967632,0.572290132518353,-0.438583826537719,-0.0505176676983078,0.102352396603034,FALSE,0
59,"R","Hispanic",0,-0.601183125325939,-0.279253078143033,-0.909560707589806,-0.982681887585695,-0.77478856925109,FALSE,0
35,"D","Hispanic",1,1.85090942997927,1.9372361885835,1.80826159347135,1.85550966847011,1.61190258327532,FALSE,0
19,"N","Caucasian",0,0.165608173308599,1.39724712637352,1.11846623230322,1.10047892203045,1.33892160236209,TRUE,1
42,"N","Hispanic",0,0.952257899444841,1.10404285946324,1.06947873680482,1.18699631560933,1.43259548898497,FALSE,0
58,"N","Caucasian",1,0.214777288564891,0.362205100300889,0.554911463300877,0.382919382841934,0.536516384203233,FALSE,0
80,"D","Caucasian",0,1.59764084195081,1.84336134901463,1.37429054271204,1.61644986173055,1.90038785962304,FALSE,0
56,"D","Caucasian",0,0.777469114427256,0.309280887540769,0.791385123385927,0.752883380020049,0.423664564777721,FALSE,0
44,"D","African American",1,0.605685067027867,-0.542262323120617,-0.165481798060696,0.00497185118883422,-0.337824453183353,TRUE,1
18,"N","Hispanic",1,0.432102858024804,-0.0961481004795024,0.567597394787869,-0.0944925966304844,0.56991060889678,FALSE,0
46,"D","Hispanic",1,-0.342527347438221,0.142400359555111,-0.0207699835089174,-0.973817175353467,-0.123656210296794,FALSE,0
52,"R","Hispanic",1,-1.940303318255,NA,NA,-2.05721009511729,-2.1441503015595,FALSE,0
49,"R","Caucasian",0,-1.940303318255,NA,-1.5260349738422,-1.83843413398505,-1.19485190053755,FALSE,0
37,"R","Hispanic",0,-1.12305205488697,-0.30717173820243,-1.38706853986243,-0.613134257301036,-0.642322756755222,FALSE,1
83,"R","Hispanic",0,-2.20418503402838,-1.89177160500332,-1.8571641570508,-1.14160632240175,-1.2824582220488,TRUE,1
77,"R","Caucasian",0,-1.17940652160619,-1.40643834966899,-0.909560707589806,-2.05721009511729,-1.11995274826074,FALSE,0
66,"R","Hispanic",1,-1.43478076645101,-1.40643834966899,-2.12955410665174,-2.05721009511729,-1.11995274826074,FALSE,0
64,"D","Caucasian",0,0.170834111194257,0.349966122161612,0.40840027545816,0.451232980186699,0.418084435240536,FALSE,0
72,"D","Hispanic",1,1.45789599469993,0.75267977154696,1.28082392328258,1.43346125756602,1.76031102391242,FALSE,0
40,"D","Hispanic",1,0.434715826967632,0.754145973474592,1.02558867062864,0.895923252713298,0.863127293321139,FALSE,0
24,"N","Hispanic",0,0.423595387096253,NA,NA,NA,NA,FALSE,0
55,"D","African American",0,-0.0845401336505679,-0.764586333477358,-0.651834442698025,0.0301241887098458,-0.628125938429972,TRUE,1
47,"N","Caucasian",1,0.423595387096253,0.755395110181884,0.446066104696556,0.614252637476777,0.581173523474987,FALSE,0
68,"D","Hispanic",1,-1.36469289091758,-0.547869772917835,-0.251119998410921,0.319196827365426,-0.955882896970527,FALSE,1
69,"D","Caucasian",1,0.179341582122808,0.308031750833477,1.49274176281063,0.75355926506909,1.34836485598445,TRUE,1
51,"N","Hispanic",0,-1.940303318255,-2.12035744877195,-2.08974461808309,-1.74675316357613,-1.84880680465673,FALSE,0
72,"D","Caucasian",0,-2.20418503402838,-1.39938884076168,-0.164223437818767,-1.11762650774896,-1.13046286017925,FALSE,0
69,"R","Hispanic",0,-2.20418503402838,-2.25798156033038,-1.99120422753542,-1.77553947988077,-1.10971160972983,TRUE,1
64,"D","Caucasian",1,0.168221142251428,0.4080798041537,0.463749706392026,0.182776885308505,0.273789200237952,FALSE,0
47,"D","Hispanic",0,-0.0845401336505679,-0.0961481004795024,0.408943338549173,0.298498981274238,0.158973558599078,FALSE,0
41,"R","Caucasian",0,-2.01998969728041,-1.13476076414663,-1.54453977767364,-1.70320849660295,-1.15836641366768,FALSE,1
38,"D","African American",1,-2.20418503402838,-0.837441091884102,-1.91903620757656,-1.565601799414,-1.23979733251716,TRUE,1
43,"D","Caucasian",1,0.731812048915631,1.20496720793942,1.15760330870783,1.22760313269244,0.87620021884999,TRUE,1
43,"D","Caucasian",1,2.03510476672724,1.32409050794669,1.02558867062864,2.08539325201968,2.05714401566061,TRUE,1
30,"R","Hispanic",0,0.157216245831149,0.572290132518353,1.09252171627894,1.15961324560839,1.13745056638689,FALSE,0
36,"D","Hispanic",0,-0.0845401336505679,0.671944348090865,0.169760619583005,0.200645789594934,0.776792004468464,TRUE,1
61,"N","Caucasian",1,1.26308753020705,1.04899321483987,1.15223594913191,1.15961324560839,1.64407628651105,FALSE,1
19,"D","African American",0,-0.811914928912077,NA,NA,NA,NA,TRUE,1
80,"R","Caucasian",0,-1.62857460669096,-1.61612954413874,-0.771389208404722,-1.07662406563193,-1.21430903846039,TRUE,1
37,"D","Hispanic",1,0.999205814433673,0.994533476988168,0.473859160585295,0.947879583564085,1.34180762202726,TRUE,1
47,"R","Caucasian",0,0.708395863146765,0.126175909877239,0.324130375559524,0.178400645615649,0.626778173337672,FALSE,0
55,"N","Caucasian",1,-0.463543934891428,0.349966122161612,0.11703683251638,-0.110711118908415,-0.171580371896137,FALSE,0
51,"R","Hispanic",1,1.45949433938982,-0.139331608514929,NA,1.1820304987212,1.78494755507327,FALSE,0
68,"R","Caucasian",0,-2.20418503402838,-2.21210685647757,-1.0654218315043,-1.92198445773519,NA,FALSE,1
49,"D","African American",1,1.3342664383039,2.02898559628912,1.77217423812839,2.10567709762699,2.06367552216217,TRUE,1
41,"D","African American",0,2.03510476672724,0.728808893375661,1.31751367514646,1.41473547453274,1.47973513025843,FALSE,0
51,"D","Hispanic",1,0.187849053051359,-0.0849814865201455,NA,0.317707273207962,0.138440320547032,FALSE,0
24,"D","Hispanic",0,0.249313914205136,-0.270078137372471,-0.47383280300384,-0.260494474033566,-0.0304401299463182,FALSE,0
47,"D","African American",1,0.168221142251428,-0.150259139597412,0.180924515043529,-0.044491045996953,0.184023519949105,FALSE,0
30,"R","Caucasian",1,-2.20418503402838,-0.69657234556879,-1.56271747220664,-1.12758048932203,-1.40977016471953,TRUE,1
59,"N","Hispanic",1,-1.22494804366671,NA,-0.0437832195124194,NA,-0.469633885102137,TRUE,1
23,"N","Hispanic",0,-0.652849666073959,-0.0869731597089404,-0.338011918318019,-0.118130486389357,-0.77478856925109,FALSE,0
53,"D","Hispanic",0,-0.0897660715362252,NA,0.77677643196419,0.4541556797925,0.558955703802755,TRUE,1
56,"D","Caucasian",1,-0.0845401336505679,-0.764586333477358,-0.0213130465999309,-0.258965794007618,-0.478637981079687,FALSE,0
25,"D","Hispanic",1,1.51584880610904,1.36054736329127,0.866934614389944,0.618614644905824,-0.0304401299463182,TRUE,1
19,"N","Hispanic",0,1.29672507504546,1.24254326617763,1.39134736138474,1.82961615262663,1.06011332366456,TRUE,1
39,"N","Hispanic",1,-0.339914378495393,NA,NA,NA,NA,FALSE,1
18,"N","African American",1,-0.0845401336505679,NA,NA,NA,NA,FALSE,0
45,"N","African American",1,-1.06807271110764,NA,NA,NA,NA,FALSE,0
48,"D","African American",1,-0.0845401336505679,-0.0961481004795024,0.177734396243302,0.0242335012548508,-0.0304401299463182,FALSE,0
28,"D","African American",1,0.434715826967632,0.572290132518353,0.262619682772566,1.14037445993574,0.939028504868924,FALSE,0
53,"D","African American",1,0.179341582122808,0.3625989380486,-0.0265703573683492,-0.078016438123644,0.327357110781733,FALSE,0
58,"N","Hispanic",1,-0.660150560987988,1.21414214870999,0.703792369588338,1.28117064168552,NA,FALSE,1
40,"R","Hispanic",1,0.940238378771624,0.755395110181884,1.00312958919041,1.48441370890928,0.869658799822705,FALSE,0
56,"D","African American",1,-1.10931864607276,-0.947691311140889,-1.15011494528239,-0.375880165436861,-0.633917300688871,TRUE,1
34,"D","African American",0,-1.77612766098233,NA,NA,NA,NA,FALSE,0
50,"D","Caucasian",0,0.951358818643004,0.755395110181884,0.273535984439234,NA,NA,FALSE,0
19,"R","Hispanic",1,-1.337065391516,-1.5366191145724,NA,-1.65885649927777,NA,FALSE,0
41,"R","Caucasian",1,-1.62998099961927,-1.25007051882173,-1.49498556088022,-1.64022355227551,-0.976259605226299,FALSE,0
19,"R","Caucasian",1,-0.916731381847335,-1.43302456647521,-1.41145329459235,-1.46830268745612,-1.40632345623058,FALSE,0
70,"D","African American",0,-0.339914378495393,-0.37006388034319,-0.544366688086727,-0.251424207947565,-0.604126724902118,FALSE,0
32,"D","African American",0,-0.0845401336505679,-1.79923452180227,-1.64209683734736,NA,NA,FALSE,1
36,"D","African American",1,0.168221142251428,NA,NA,NA,NA,TRUE,1
66,"D","Hispanic",0,-0.660150560987988,NA,NA,NA,NA,FALSE,0
22,"D","African American",0,-0.257223261851794,NA,NA,NA,NA,TRUE,1
58,"D","African American",0,0.769776450837858,NA,NA,NA,NA,FALSE,0
71,"D","Caucasian",0,1.05586777636558,0.75267977154696,1.02698861108152,0.895923252713298,1.19850814007228,FALSE,0
37,"D","African American",0,0.0876356824241892,0.0729411659152902,0.379838250875244,0.26710699665304,-0.188932183274152,TRUE,1
23,"N","Caucasian",1,-0.617529503082976,-0.760621858135143,NA,NA,-0.788927646910455,FALSE,0
49,"D","African American",0,0.631322453064193,0.22585112164613,0.497208504510797,0.674956958769873,0.820158223199485,FALSE,0
29,"D","African American",1,0.168221142251428,0.0952555227986296,NA,NA,NA,FALSE,0
45,"N","Hispanic",1,-0.396268845214613,-2.07487658266685,-2.12955410665174,-2.05721009511729,-2.1441503015595,TRUE,1
73,"D","African American",0,0.582660649934371,-1.79923452180227,-1.99120422753542,-1.85437163904414,-1.23139187645081,TRUE,1
37,"D","African American",1,-0.0845401336505679,-0.35304644205524,-0.0213130465999309,-0.319440262436558,-0.0301134158928333,TRUE,1
25,"D","African American",0,0.684864133926799,0.723595281326153,0.611100594855742,0.612431658949507,0.285974722889532,TRUE,1
57,"D","Caucasian",1,0.179341582122808,0.347250783526689,0.148883789410323,0.181287331151041,0.141653054265683,TRUE,1
65,"D","African American",0,-0.0930476045791188,0.519449226304115,NA,-0.0815325839265018,0.110373397950016,FALSE,0
58,"D","African American",1,0.179733350798176,-0.0961481004795024,-0.320650266202006,0.0242335012548508,-0.0304401299463182,FALSE,0
21,"N","African American",1,-0.0845401336505679,0.680263989901846,0.417704735899999,0.609815490108837,0.267940097313167,FALSE,0
53,"D","African American",1,-1.68754204235301,-1.62983472420565,-0.954594942307701,-1.11031690710944,-0.500913541417805,TRUE,1
19,"D","African American",0,-0.0708067248363597,-0.823970148373117,-0.49084710221226,-0.577567009877066,-0.179601373243118,TRUE,1
20,"D","African American",1,1.26047456126422,NA,NA,NA,NA,TRUE,1
19,"D","African American",1,2.03510476672724,1.61957113673026,NA,NA,NA,TRUE,1
24,"D","African American",1,-0.0871531025933965,-0.56884853992684,-0.434232362454916,-1.14100827389367,-0.632132809456159,TRUE,1
66,"N","African American",1,2.03510476672724,NA,1.98740429203026,NA,1.97223443114026,FALSE,0
71,"D","African American",1,-0.617529503082976,-1.43302456647521,-1.52110861034706,-1.14969005108521,-1.22069904063049,FALSE,0
35,"D","African American",1,-1.62857460669096,-1.79923452180227,-1.79780836857968,-1.43747538642552,-0.657444929045156,FALSE,0
65,"D","African American",1,-0.317397273528365,-0.679886434679047,-0.911339837271599,-0.548358575750515,-0.463255456339899,FALSE,0
18,"N","Caucasian",1,-0.0845401336505679,-0.947691311140889,-0.909560707589806,-0.847456250203596,-0.790731197392326,FALSE,0
64,"D","African American",1,0.812005740067501,0.746589864341493,1.03881388783654,1.39794967346269,1.09009902169904,TRUE,1
20,"D","African American",1,-0.245711053305046,-0.0502733966266922,-0.635015853673026,-0.19144326553973,-0.0202567320812922,TRUE,1
55,"D","African American",1,0.179341582122808,-0.0973972371867944,-0.0184366992618487,NA,-0.0165700256745523,FALSE,0
49,"D","African American",1,-0.0845401336505679,NA,NA,NA,NA,TRUE,1
67,"D","Caucasian",0,1.98905593254025,1.70786266931945,1.09252171627894,1.82285487075753,1.80131627182071,FALSE,0
33,"D","Hispanic",0,-1.44590120632239,-0.25266686133681,-0.615672670964738,-0.632150790851011,-0.673151421947119,TRUE,1
65,"D","African American",1,-0.639231800710851,-0.752409665687583,0.137341009638765,NA,-0.571101258770466,FALSE,0
52,"R","Hispanic",0,-2.20418503402838,-0.468528122936752,-1.50670798172244,-2.02340368577177,-2.1441503015595,TRUE,1
47,"R","Hispanic",0,-0.0845401336505679,NA,NA,NA,NA,TRUE,1
22,"N","African American",1,0.297860173883858,0.351781022823035,-0.152223213523406,0.13241401116053,1.05693301747266,TRUE,1
26,"D","Hispanic",1,1.45949433938982,1.38461431048653,1.50150316016146,1.56874382025381,1.7566947165886,TRUE,1
58,"R","Hispanic",0,-0.0845401336505679,-0.807769841512785,-0.815519750590644,-1.13211358451908,-0.766709827238223,FALSE,0
45,"D","African American",0,1.65610096548638,0.297586677159244,0.290498203717185,0.735826295029021,0.549624893771721,FALSE,0
26,"N","Hispanic",1,0.687477102869628,0.989102799718321,NA,NA,NA,FALSE,0
20,"D","African American",0,-0.859170339113593,NA,-0.69339122462714,-0.430880140672294,NA,FALSE,0
33,"D","African American",0,0.363928687546151,NA,NA,NA,NA,TRUE,1
51,"D","African American",0,-0.0845401336505679,-0.0961481004795024,NA,0.0242335012548508,-0.642053783367623,FALSE,0
21,"D","African American",1,-0.0845401336505679,0.126175909877239,0.259050679661304,0.166558363030575,-0.0304401299463182,FALSE,0
32,"D","African American",1,-2.20418503402838,NA,NA,-0.4430490844994,NA,FALSE,0
32,"D","Hispanic",1,1.93149488980651,2.06568535937137,2.08692801345187,2.07863197015057,2.05061250915904,TRUE,1
61,"D","African American",1,-0.408595861100514,-0.135367133172714,-0.213359723289108,0.181304613991685,0.121991587735018,FALSE,1
59,"D","African American",1,0.432102858024804,0.462735611029361,0.545138313349642,0.682017057295015,0.844945465051882,FALSE,0
22,"D","Hispanic",1,2.03510476672724,2.06568535937137,1.51607187995327,1.67720534737832,0.55310660087797,FALSE,0
24,"N","African American",0,0.823517948614249,NA,0.610933306398778,0.618412636627664,0.520852641975317,FALSE,0
31,"N","Hispanic",1,0.292749779449301,-0.145418369099236,0.488112124662094,-0.374148719929046,NA,FALSE,0
42,"D","African American",1,-0.342527347438221,-0.807396999961453,0.60971783114373,0.47642571737646,0.400790364528406,TRUE,1
37,"D","Hispanic",0,-0.0845401336505679,0.105679600276484,0.145031578813772,0.526450648999914,0.451687111291519,FALSE,0
67,"N","Hispanic",0,-2.20418503402838,0.353930597503827,0.283299982255585,0.578850716869798,NA,FALSE,0
60,"D","African American",0,0.0190697432701678,0.0869568771840279,-0.184455291401537,0.03161374286731,0.118778854016368,TRUE,1
55,"D","Hispanic",1,2.03510476672724,2.06568535937137,2.08692801345187,2.10567709762699,NA,FALSE,1
25,"N","Hispanic",0,-0.304985984179778,NA,-0.852231992425704,0.16312174276495,-0.620866531786269,TRUE,1
20,"D","African American",1,0.159713671322877,NA,NA,NA,NA,TRUE,1
22,"D","African American",1,0.168221142251428,-0.764586333477358,NA,NA,-0.222500044281857,FALSE,0
73,"N","African American",0,-1.26170586957442,-0.317222974128952,-0.671350999129879,-0.118169612257841,-0.484099676814987,FALSE,0
40,"D","Hispanic",1,-1.940303318255,-1.33700329884671,-0.976890119209888,-1.05366501190342,-1.46469125298067,TRUE,1
50,"D","Hispanic",0,-1.11193161501559,-0.169547626643999,-0.343287727571459,-0.250166639210631,NA,TRUE,1
66,"R","Caucasian",1,-0.337301409552564,-0.0961481004795024,0.549615410438291,-0.590044513680613,-0.0997338003789176,TRUE,0
54,"R","Caucasian",0,-0.395369764412775,-0.233772212037933,-0.497482016973701,0.0242335012548508,-0.504165367174751,FALSE,0
68,"R","Caucasian",0,0.687477102869628,0.0227322917900936,0.702565802859028,0.0595294647578398,0.530311591755153,FALSE,0
29,"N","Hispanic",0,-0.0845401336505679,-0.0961481004795024,-0.0213130465999309,0.0242335012548508,-0.0304401299463182,TRUE,1
21,"D","Caucasian",0,0.179341582122808,NA,NA,NA,NA,FALSE,0
73,"D","Hispanic",1,0.676356662998248,NA,NA,NA,NA,FALSE,0
23,"N","Hispanic",0,0.179341582122808,-0.0961481004795024,0.293052540871088,0.0242335012548508,0.118721113350482,FALSE,1
36,"R","Hispanic",1,0.179341582122808,0.625214345278473,0.877639015284661,0.47642571737646,0.768771003121483,TRUE,1
77,"D","Caucasian",0,-0.0845401336505679,0.883186750733921,0.829510643510166,0.618614644905824,1.18970261839941,TRUE,1
72,"R","Caucasian",0,-1.36469289091758,NA,NA,NA,NA,FALSE,1
49,"R","Hispanic",1,0.398465313186396,2.06568535937137,2.08692801345187,2.10567709762699,1.78711945349546,TRUE,1
65,"R","Hispanic",1,-0.569766780754992,-0.129389988445325,-0.482412814159881,0.0103338691236368,-0.044636948271569,FALSE,1
75,"R","Caucasian",1,-0.0897660715362252,0.993067275060537,0.467841528985156,0.301502983193841,0.425759659589941,TRUE,1
24,"R","Hispanic",1,0.884083728966189,1.52928793095227,1.36028802518133,0.771683019169412,0.660970697256272,FALSE,0
60,"D","Hispanic",1,-0.0845401336505679,-0.0961481004795024,-0.0213130465999309,0.03161374286731,-0.0304401299463182,FALSE,1
44,"N","Hispanic",1,0.432102858024804,0.771619559859756,0.98322484490609,0.599482410931453,0.722313765424806,TRUE,1
46,"D","Caucasian",1,-0.134016744119543,1.06734309638099,1.50327278998178,1.606397799772,1.42208537706646,FALSE,0
27,"N","Hispanic",1,-0.351034818366772,-0.173337029158633,0.230761634404361,0.510513143940818,NA,FALSE,1
34,"N","Hispanic",1,0.996592845490844,1.06607296347732,0.452279250160082,0.504341439266989,0.657008612934872,FALSE,0
68,"D","Caucasian",0,-0.800794489040698,0.73704522864076,0.916465172979356,0.759449952524085,0.898337726913586,TRUE,1
64,"R","Hispanic",0,-0.0956605735219475,-0.21581616824452,-0.184455291401537,0.0241943753863671,0.182277710133121,FALSE,0
53,"D","Hispanic",1,-0.488674008801284,-1.17312449788026,-1.26377661857435,-1.63882428834121,-1.72348765966918,FALSE,0
48,"R","Caucasian",0,0.953971787585832,-0.0961481004795024,-0.165481798060696,-0.110711118908415,-0.0304401299463182,FALSE,0
18,"N","Caucasian",0,0.687477102869628,0.105700596472863,0.591028562114455,1.11938349691828,1.18970261839941,TRUE,1
63,"N","Caucasian",0,0.148201462776129,0.495122200035602,1.15185270688238,0.718871838783075,0.843081372071104,FALSE,0
23,"N","Hispanic",0,2.03510476672724,2.06568535937137,1.72069858314437,1.94368734998731,1.94212979971705,FALSE,0
50,"N","Caucasian",0,0.413489571477811,0.422489353170148,0.518628397774493,0.52313573071684,0.692080994252797,FALSE,0
44,"R","Caucasian",1,1.20673306348783,-0.136616269880006,0.501884378651148,0.687457326966785,NA,FALSE,0
57,"D","Hispanic",1,-1.95142375812638,-0.547475935170124,-0.638584856784288,NA,-0.163245314912701,TRUE,1
58,"D","Hispanic",1,0.696376342473548,2.06568535937137,1.79859051053034,2.10567709762699,1.76610583822827,TRUE,1
77,"R","Hispanic",1,-0.407189468172207,-0.596829510335739,NA,NA,NA,FALSE,0
63,"N","Hispanic",0,-2.20418503402838,-2.25798156033038,-2.12955410665174,-2.05721009511729,-2.1441503015595,TRUE,1
70,"R","Hispanic",1,-0.339914378495393,-0.542262323120617,-0.925657853592565,-0.559898059310155,-0.326978125307206,FALSE,0
90,"D","Caucasian",1,0.693371604855351,0.164145805863158,0.423428643327103,0.193200254709051,-0.0223613879334511,TRUE,1
26,"N","Hispanic",1,1.20673306348783,0.311996226175693,0.213821751586264,0.593501433253296,0.414929442187771,TRUE,1
66,"R","Caucasian",0,-1.36469289091758,NA,NA,NA,NA,FALSE,0
67,"R","Hispanic",1,-1.45468490247521,-1.58829419062523,-1.15505255376313,-0.8071695762078,-1.59031454107897,FALSE,0
70,"R","Hispanic",0,-0.601183125325939,-0.318472110836244,0.105494052744822,0.148850286595181,-0.052715690284436,TRUE,1
60,"N","Hispanic",1,0.168221142251428,0.0869568771840279,0.4314024199874,0.293871106910626,NA,TRUE,1
63,"R","Hispanic",0,-1.41124903723105,-1.18932795136176,-1.03294345090253,-1.3937265786178,-1.45962667038177,TRUE,1
57,"R","Hispanic",1,0.0185624311436988,-0.626085926762967,-0.991334589042941,-0.711022075882867,-0.429377987796594,FALSE,0
67,"R","Hispanic",0,1.38882274341944,1.52385725368242,1.29098526108628,1.51608619415275,1.32833117883495,FALSE,0
52,"N","Caucasian",0,-1.5467825708492,-1.38375429785548,-1.14079939336629,-1.3746806524972,-1.0543109691916,FALSE,0
20,"R","Hispanic",1,2.03510476672724,2.06568535937137,2.08692801345187,1.96331310998278,1.33892160236209,FALSE,0
40,"N","Hispanic",1,2.03510476672724,1.33326544871725,1.51025300760881,0.362297594710099,1.94245651377053,FALSE,0
40,"N","Hispanic",1,0.157100702380048,1.26483348024343,0.281582084639145,0.261748961087634,0.42393353816532,TRUE,1
60,"D","Hispanic",0,-1.10171025594605,-1.67299408942354,NA,NA,NA,TRUE,1
59,"D","Caucasian",0,-0.845436930299384,-1.58954332733252,-0.765391956129041,-0.12840496308,-0.749741645641509,FALSE,0
62,"R","Caucasian",1,-0.0845401336505679,-0.0961481004795024,NA,NA,NA,FALSE,1
57,"N","Hispanic",1,0.374541815291062,0.530355761190219,0.711766146248634,1.04467145383361,0.71396605002434,FALSE,0
41,"R","Hispanic",1,1.44587647402672,2.00146077397744,1.76378385188916,1.32974727757636,1.15433483007262,TRUE,1
75,"R","Hispanic",0,0.176728613179979,-0.230708174669218,-0.343109347640233,-0.112239798934362,-0.179870346630717,FALSE,0
35,"D","Hispanic",1,2.03510476672724,1.60693832084327,1.51749314003972,NA,0.753266707686988,FALSE,0
51,"R","Hispanic",1,0.168221142251428,-0.135367133172714,-0.179179482148097,-0.116640932231893,-0.00816456960820039,FALSE,0
20,"D","Hispanic",1,1.34316567790782,1.87301160318957,1.97413446250738,1.73458113806616,1.61688685426558,TRUE,1
43,"D","Hispanic",0,0.720299840368883,0.164690573620911,1.09915663104038,0.889442988063026,0.417815461852936,TRUE,1
39,"D","Hispanic",0,0.711400600764963,0.703652410664896,NA,NA,NA,TRUE,1
21,"N","Hispanic",0,2.03510476672724,NA,0.310432691472123,NA,NA,TRUE,1
22,"N","Hispanic",0,0.369039081980708,0.662769407320303,0.241617720831954,0.802045094140217,0.857278190396355,FALSE,0
38,"R","Hispanic",1,0.179341582122808,0.977719120538625,NA,NA,NA,TRUE,1
59,"R","Hispanic",1,-0.589279148103822,-0.318472110836244,-0.177442509155338,-0.346267636756257,NA,TRUE,1
33,"N","Caucasian",1,1.90847047271301,1.97393595166575,2.00067412155314,2.08539325201968,2.01795497665121,TRUE,1
73,"R","Hispanic",0,-2.20418503402838,-2.25798156033038,-2.12955410665174,-1.51743161446423,-2.01352017152819,TRUE,1
54,"N","Hispanic",0,-2.20418503402838,-1.52556164967626,-2.12955410665174,NA,NA,TRUE,1
39,"R","Hispanic",1,-0.0845401336505679,NA,NA,NA,NA,TRUE,1
60,"N","Hispanic",0,0.687477102869628,0.572290132518353,0.200747632246804,0.373607225405583,-0.0133572919559015,FALSE,0
67,"D","Caucasian",0,1.06648090411049,0.938893925593125,0.629581740483176,0.904722407510285,0.636651378244759,FALSE,1
74,"R","Caucasian",0,-1.68492907341018,-0.543511459827909,-1.20190748140554,-0.988291557821857,-1.20379892654188,TRUE,1
50,"D","Hispanic",0,-1.46841831128942,-1.01049483362111,-0.377982244554424,-0.989749596874868,-1.08829096880051,TRUE,1
46,"R","Hispanic",1,-0.0956605735219475,0.728808893375661,0.779903422168391,0.626291648615678,0.283899042507184,TRUE,1
53,"D","Hispanic",0,1.58663594553053,NA,NA,NA,NA,TRUE,1
74,"D","Caucasian",0,0.168221142251428,1.17744238562774,0.264774587088408,0.584606227282139,0.545232858165593,TRUE,1
26,"R","Hispanic",1,1.42675587535325,1.39871332830115,0.743631601627599,1.66098682510039,0.87067782997869,TRUE,1
54,"R","Hispanic",1,0.432102858024804,0.530355761190219,NA,0.199090942164046,NA,FALSE,0
78,"D","Caucasian",1,-0.339914378495393,-0.0569290677862911,0.114881928200538,0.166558363030575,0.118778854016368,TRUE,1
79,"D","Caucasian",0,-0.339914378495393,-0.0961481004795024,-0.184455291401537,0.0242335012548508,0.118778854016368,FALSE,1
79,"R","Hispanic",1,-0.684888866222476,-0.990874819176315,-0.343735825745123,-0.878297783498002,-1.40520876979426,FALSE,0
27,"N","Hispanic",1,2.03510476672724,1.33326544871725,1.94275926199111,2.10567709762699,1.94212979971705,TRUE,1
68,"N","Hispanic",0,-0.0845401336505679,0.54570391571213,1.34293251893664,1.06336132614155,0.586494421044455,TRUE,1
43,"D","Hispanic",0,0.168221142251428,NA,0.114881928200538,0.166558363030575,0.118778854016368,FALSE,1
45,"R","Hispanic",1,0.179341582122808,0.945353527728763,NA,1.02564517696323,0.330061077237761,FALSE,0
82,"R","Hispanic",1,-0.859170339113593,-0.946442174433596,-0.670116100771927,NA,NA,FALSE,0
72,"R","Caucasian",0,1.46090073231813,1.2988420475083,1.1885190146583,1.10465239624144,NA,TRUE,1
52,"N","Hispanic",1,0.940238378771624,0.716176077488673,1.59872702527012,1.33024656454848,1.32525298939216,FALSE,0
57,"N","Caucasian",0,1.22804359244033,1.297592910801,1.4625097140098,1.12359390322014,1.24888969457696,TRUE,1
73,"R","Caucasian",1,0.434715826967632,0.448765038774542,0.423981206279586,1.06630891935203,1.06275919477484,FALSE,0
65,"N","Hispanic",0,0.294855436265661,-0.0961481004795024,0.280754797236565,-0.12544008702888,-0.0162433116210674,FALSE,0
30,"N","Caucasian",1,1.78183617869878,0.604345194126386,0.555511551925297,0.846179338308677,0.644547691899886,FALSE,0
61,"D","Caucasian",0,0.757564978403057,0.874518410189149,1.13233120484759,1.2748929799077,1.50914428906626,TRUE,1
42,"R","Hispanic",1,0.687477102869628,1.21685748734491,1.17729311602587,1.04901779438183,NA,FALSE,0
33,"R","Hispanic",0,-0.268343701723174,-0.990019520216734,-0.21630224829548,-0.0714792481676862,-0.749299450256253,FALSE,0
51,"N","Hispanic",0,0.687477102869628,-0.0581782044935832,NA,NA,-0.588440826047952,FALSE,0
75,"N","Hispanic",0,-0.348421849423943,-0.540796121192985,NA,-0.0930172747368294,NA,FALSE,0
53,"R","Caucasian",1,-1.20192362657322,-1.55496899611353,-1.63254914105016,-2.05721009511729,-1.12298602656051,FALSE,0
27,"R","Hispanic",1,-0.348421849423943,0.361462563819387,-0.201538804472586,-0.595366546990823,-1.07266286655394,FALSE,0
77,"R","Hispanic",1,-1.95142375812638,-2.25798156033038,-2.12955410665174,-2.05721009511729,-2.1441503015595,FALSE,0
29,"N","Hispanic",1,1.46679523430385,0.334680277989203,0.24758022342936,0.537277254198404,0.422880044451836,FALSE,0
33,"R","Hispanic",0,-2.20418503402838,-2.25798156033038,-2.12955410665174,-2.05721009511729,-2.1441503015595,TRUE,1
61,"R","Caucasian",1,0.547224943492288,0.741379398913146,0.700295690016691,0.529454650919517,0.742644977115221,FALSE,0
49,"R","Caucasian",0,-0.0845401336505679,NA,NA,NA,NA,TRUE,1
53,"D","Caucasian",1,1.27709716424553,2.06568535937137,1.93175954531056,0.973036420051054,1.92825969544528,TRUE,0
64,"N","Caucasian",0,-1.07528933255898,-1.14954000809325,-0.632860949357184,-0.0697805915645898,-0.838636710364078,FALSE,1
71,"D","Caucasian",0,-0.326296513132285,0.491136728497008,0.25323180731685,0.307393670648836,0.118778854016368,TRUE,1
46,"N","Hispanic",1,0.432102858024804,0.0502571141017797,-0.303831677177007,-0.251546426526675,NA,TRUE,0
55,"N","Caucasian",0,-0.992598215915385,-1.01355887098983,-0.591624084761538,-0.40641205616806,-0.819099931525268,TRUE,0
50,"R","Caucasian",0,2.03510476672724,2.06568535937137,NA,NA,NA,FALSE,0
26,"R","Hispanic",0,1.51584880610904,2.06568535937137,NA,NA,NA,FALSE,0
46,"R","Hispanic",0,-0.348421849423943,-1.38587972971873,-1.54636757269104,-1.43747538642552,-1.53594792068857,FALSE,0
28,"D","Caucasian",1,2.03510476672724,2.06568535937137,NA,1.97073247746373,1.31494145177833,FALSE,0
48,"D","Caucasian",1,0.168221142251428,1.15957496149486,-0.0213130465999309,0.166558363030575,NA,TRUE,1
59,"D","Hispanic",1,1.26218844940521,0.938500087845414,1.54214811425,1.77552589767379,0.728703767594902,FALSE,0
62,"N","Caucasian",1,0.168221142251428,0.530355761190219,0.573416267132323,0.317721505471771,0.573152522128006,TRUE,1
59,"R","Hispanic",1,-0.0845401336505679,-0.178767706428479,0.370648998959899,0.138725217254112,-0.239438425470691,FALSE,0
42,"R","Hispanic",1,0.00876411073794115,NA,NA,NA,NA,TRUE,1
51,"N","Hispanic",1,0.776570033625418,1.52385725368242,0.652679713244712,0.933256572547609,0.969190876958017,TRUE,1
19,"N","Hispanic",0,-2.20418503402838,-2.11118250800138,-2.06983987379877,-1.71914600166204,-2.06577222354072,TRUE,1
32,"R","Hispanic",1,-1.1931399304204,NA,NA,NA,-0.0304401299463182,FALSE,1
59,"R","Hispanic",1,-2.20418503402838,-2.25798156033038,NA,NA,NA,FALSE,1
65,"R","Hispanic",0,-1.07658018203619,NA,NA,NA,NA,FALSE,1
49,"N","Hispanic",0,0.687477102869628,0.399781158539098,0.661469532321996,0.317721505471771,0.255200346306574,TRUE,1
40,"N","Hispanic",1,-0.891093995811009,-1.61612954413874,-1.06311733450629,-0.989781111979321,-1.4437765979497,FALSE,1
54,"N","Hispanic",1,-1.62857460669096,0.168327346425713,-1.97438563851043,-1.57678201401784,-1.68977663344786,FALSE,1
72,"R","Caucasian",0,-0.848049899242213,-0.768550808819574,0.0315074327121501,-1.27862344239543,-1.46080169527423,TRUE,1
80,"D","Caucasian",0,-0.595288623340217,-0.138082471807637,-0.708856793410741,-0.118169612257841,0.124570216275266,TRUE,1
23,"R","Hispanic",1,-0.856557370170764,0.756861312109515,-0.581936535581497,-0.772744207118921,NA,FALSE,0
30,"R","Hispanic",1,-1.63888023922319,-0.802556229463277,-0.642989630333322,-0.556915839197152,-1.1957779251949,FALSE,0
53,"R","Hispanic",0,0.687477102869628,0.793365006167803,-0.154482081380151,0.49261807224945,0.766281892549953,TRUE,1
66,"N","Hispanic",1,-0.28965423067568,-0.554895139007605,-0.592293583568622,-0.135596154877842,-0.61944510444896,FALSE,1
69,"N","Caucasian",0,1.57461642485731,0.133225418784549,0.856477960800413,0.746139897588147,1.16735662350541,FALSE,1
70,"N","Hispanic",0,-2.20418503402838,-2.25798156033038,-2.12955410665174,-2.05721009511729,-2.1441503015595,FALSE,0
66,"R","Hispanic",1,0.179341582122808,0.534320236532434,0.109063055856084,0.307393670648836,0.118452139962883,FALSE,0
43,"N","Hispanic",1,2.03510476672724,1.51637042638078,2.08692801345187,1.96484179000873,1.7802322574706,TRUE,1
82,"D","Hispanic",1,-0.0969514229991541,0.722153222216062,0.749472810431908,0.616656297515175,0.681331088459262,TRUE,1
60,"D","Hispanic",1,-0.595288623340217,0.309280887540769,0.114881928200538,0.0330717819203217,0.572825808074521,FALSE,0
44,"D","Hispanic",0,0.179341582122808,NA,NA,-0.14913438549688,-0.168886262024117,FALSE,0
59,"D","Hispanic",0,-0.707797739864873,-0.0961481004795024,-1.79780836857968,-0.719991905196357,-1.36412666233428,FALSE,0
67,"D","Hispanic",0,-0.0930476045791188,-0.0907174232096558,-1.26746609497247,-0.822382164419552,-0.854982856168775,FALSE,0
37,"N","Hispanic",0,0.687477102869628,0.998784340714673,0.485875593265203,0.755087945095038,0.581173523474987,FALSE,0
24,"N","Caucasian",0,-1.10081117514421,-0.0961481004795024,-0.87566315975229,-1.20608352930394,-1.08036364364483,TRUE,0
18,"D","Hispanic",1,-0.406881972959523,-0.536545257466481,NA,NA,-0.227477910745059,TRUE,0
46,"D","Hispanic",1,-0.592675654397388,-0.0961481004795024,-0.64728133760626,-1.41681971677965,-0.620845551583869,TRUE,0
25,"D","Hispanic",1,1.77122305095387,1.84336134901463,1.93121648221955,1.9545139551858,1.78711945349546,TRUE,1
68,"N","Caucasian",0,-0.65925148018615,-1.31468894196337,NA,NA,NA,TRUE,1
56,"D","Caucasian",1,0.929233482351345,1.09322494423768,0.96645833581156,1.67016304829039,0.990070716945707,TRUE,1
24,"D","Hispanic",1,1.45949433938982,1.91888630704238,1.3834940580113,1.86189388194621,1.66266514044243,FALSE,0
78,"D","Hispanic",1,0.687477102869628,1.42383334317974,0.429247515671558,0.895923252713298,1.01813763954272,TRUE,1
51,"R","Hispanic",1,-0.348421849423943,-0.360406482164378,0.0317439350317433,0.203182432898371,NA,TRUE,1
55,"R","Hispanic",0,-1.37581333078896,-1.79923452180227,-1.79780836857968,-1.71914600166204,-1.81757497648123,FALSE,0
69,"R","Caucasian",0,-0.730430388283001,-0.993959852741409,-0.623545397441082,-0.505657477030392,-1.12607082457312,FALSE,0
51,"R","Hispanic",1,-0.352325667843979,-0.385412034865102,0.320575530790804,-0.166616315460485,-0.111336294006443,FALSE,0
18,"D","Hispanic",0,-0.15322161625569,0.0853139027290252,0.181851408048515,0.407112968282048,0.346709034578384,FALSE,0
55,"R","Caucasian",0,1.51584880610904,1.03981827406931,1.32632583068359,1.01790734357602,1.13091905988532,FALSE,0
42,"D","Hispanic",0,0.846542365707746,0.530355761190219,NA,NA,NA,FALSE,0
60,"N","Caucasian",0,-0.0845401336505679,NA,NA,NA,NA,FALSE,0
34,"N","Hispanic",0,-0.0897660715362252,-0.462358055806563,1.44375921291517,0.913726863726303,0.126857596029235,FALSE,0
37,"D","Hispanic",1,0.168221142251428,0.4923858652043,0.69224958981678,0.317721505471771,0.126857596029235,FALSE,0
28,"R","Hispanic",0,-0.36083313877253,NA,NA,NA,NA,FALSE,0
46,"N","Hispanic",0,-0.0622992539078087,0.309280887540769,-0.450155332953615,-0.224943660716683,-0.481870037726905,FALSE,1
58,"D","Caucasian",1,-0.360441370097161,-0.764586333477358,-0.909560707589806,-0.901208562631915,-0.85969815377144,FALSE,1
56,"D","Hispanic",1,1.96603151544675,2.06568535937137,NA,1.96331310998278,2.05714401566061,TRUE,1
47,"N","Hispanic",0,-0.584168183468837,-0.509506039184205,-1.12758164377388,-0.341252788069821,-0.768939466326305,FALSE,0
43,"N","Hispanic",1,-0.859170339113593,0.20266046960683,-1.23708091605721,-0.821511570005442,-1.81757497648123,FALSE,0
83,"R","Hispanic",0,-1.27310253467007,-1.00543529820281,-0.784081225158316,-0.795578928293482,-1.36539851993092,TRUE,1
65,"R","Hispanic",1,-0.0845401336505679,NA,NA,NA,NA,FALSE,1
47,"N","Hispanic",1,-0.661864449128979,-1.06681461114815,NA,-0.397189431751165,-0.705418039266802,FALSE,0
36,"R","Caucasian",1,0.168221142251428,0.900068730647624,0.826359070484071,0.720208933057242,1.15704508589158,FALSE,0
40,"N","Hispanic",0,0.354130367140393,0.82791834119042,NA,0.794785041895557,NA,TRUE,1
41,"N","Hispanic",1,-0.489573089603122,-0.170423921799959,-0.179967102838627,0.0242335012548508,0.197156932035152,TRUE,1
48,"R","Caucasian",0,-0.130197199162193,0.00438241024896946,-0.40436106593243,0.17244905048557,-0.345688339311722,FALSE,0
73,"N","Hispanic",0,1.12494102764607,0.768027926068872,0.115443489776574,0.17244905048557,1.19810807446576,FALSE,0
62,"D","African American",1,-0.603796094268768,-0.321187449471167,NA,-0.240210628426251,NA,FALSE,0
54,"D","African American",0,0.687477102869628,0.533071099825142,0.417704735899999,NA,NA,TRUE,1
56,"D","African American",1,-0.431112966067542,0.0769056412575055,0.31958095493126,0.198498149825632,-0.155268985193007,TRUE,1
66,"D","Hispanic",0,0.168221142251428,0.847144517887504,0.711766146248634,0.829422919786708,0.431685566124702,FALSE,0
78,"R","Hispanic",0,-1.62857460669096,-1.43302456647521,-1.35081680941946,-1.155804771189,-1.52142438830983,FALSE,0
58,"D","Hispanic",0,0.705391125528568,1.03458366582342,0.885550483855173,0.163554361110972,0.683883989543882,TRUE,1
82,"R","Hispanic",0,-0.0624147973589089,NA,NA,NA,NA,TRUE,1
65,"R","Hispanic",1,-1.12305205488697,-1.3918778706425,-1.12532068306643,-2.02340368577177,-2.1441503015595,FALSE,0
68,"R","Hispanic",0,-1.12305205488697,-1.89177160500332,-0.924417189125434,-1.12089424404675,-1.69070198741255,FALSE,0
60,"N","Hispanic",1,1.204120094545,1.3818989718516,0.990339651353814,0.895923252713298,0.779281115039994,FALSE,0
21,"D","Hispanic",1,2.03510476672724,1.99228583320688,1.84807108203999,1.69439051524453,1.46639323134198,FALSE,0
68,"N","Hispanic",0,0.429489889081975,0.0869568771840279,-0.0721334968347146,0.175357517827563,-0.188605469220668,FALSE,1
60,"D","Hispanic",1,0.542506317733099,0.91173879821161,0.511993483013052,0.646473441490667,0.572825808074521,FALSE,0
45,"N","Hispanic",1,-0.463543934891428,-0.810461037330168,NA,NA,NA,FALSE,0
66,"D","Hispanic",1,0.168221142251428,0.491136728497008,0.832450922154499,0.853221637396615,0.893552030228006,TRUE,1
64,"R","Hispanic",0,-0.595288623340217,-0.321187449471167,-0.492458943437089,0.527321243414024,-0.0304401299463182,TRUE,1
55,"D","Caucasian",0,1.46050896364276,1.51637042638078,NA,0.473385814754064,0.59656466915252,TRUE,1
54,"R","Hispanic",0,-0.917238693973804,-0.588137026973427,-0.618249344578496,-0.616896781604987,-0.633975041354756,FALSE,0
54,"R","Hispanic",0,-0.455036463962877,-0.0961481004795024,-0.320650266202006,-0.253075106552623,-0.0165122850086664,FALSE,1
21,"N","Hispanic",0,0.479949853815473,0.270061854847558,0.0914805043445675,0.112130165553215,-0.476689559479733,FALSE,0
58,"R","Hispanic",1,-1.19052696147757,-0.976859107907577,NA,NA,NA,TRUE,0
75,"D","African American",1,0.120573963374544,0.682783259512809,1.198680352462,0.75355926506909,1.65215502852391,FALSE,1
77,"D","Caucasian",0,0.477336884872644,0.706497683113482,0.105932227677051,0.45512671097912,1.25584129577924,TRUE,1
25,"N","Hispanic",0,-0.603796094268768,0.26467631659163,0.284535701119779,0.503992996218358,0.572768067408635,FALSE,0
27,"R","Hispanic",0,-0.0790379705406421,NA,NA,NA,NA,FALSE,0
73,"R","Hispanic",1,-0.522004058427007,-0.860300216525194,0.0677427762465617,0.0639974292908772,0.056339952081871,FALSE,0
28,"N","Hispanic",1,2.03510476672724,1.84064601037971,1.88967994389958,0.784001544934948,1.36330181855237,TRUE,1
66,"R","Hispanic",1,-0.0845401336505679,-0.318472110836244,-1.79780836857968,-2.05721009511729,NA,FALSE,0
61,"R","Hispanic",1,-0.617529503082976,-0.624664863849254,-0.396871001137231,-0.2146473409982,1.10379961240627,FALSE,1
48,"R","Hispanic",1,1.02405966311926,2.06568535937137,2.08692801345187,2.10567709762699,NA,FALSE,1
47,"R","Hispanic",1,-0.351034818366772,-0.0414922936038408,-0.558135678887465,-0.630419345343197,-1.03815348516586,FALSE,0
52,"R","Hispanic",1,0.872963289094809,0.618952511866585,1.47579896663559,NA,NA,FALSE,0
82,"D","Hispanic",1,1.26308753020705,NA,NA,NA,0.634104527007343,FALSE,0
52,"N","Hispanic",1,-0.823427137458826,NA,-2.12955410665174,-1.9060469526761,-1.99493131759682,FALSE,0
25,"N","Caucasian",0,-0.0845401336505679,-0.317222974128952,-0.177024577832255,0.0242335012548508,-0.378842770130244,FALSE,0
59,"N","Caucasian",0,-1.41175634935752,-0.543511459827909,-0.9833405687735,-0.388019726715888,-0.544279760148826,FALSE,0
68,"R","Hispanic",0,-0.337301409552564,0.170801477022757,-0.164498467186745,-0.416271258574564,-0.458400150036506,TRUE,1
34,"D","Hispanic",1,0.687477102869628,0.495101203839223,0.564888335906751,0.44971853242456,0.787359857052861,TRUE,1
25,"N","Hispanic",1,1.90847047271301,2.06568535937137,2.08692801345187,1.36839931444222,1.49998948239716,FALSE,1
52,"R","Caucasian",0,-0.408480317649414,NA,NA,NA,NA,TRUE,1
81,"R","Hispanic",0,-0.187642698444835,NA,NA,NA,NA,TRUE,1
70,"R","Caucasian",0,1.91998268125976,1.79748664516182,1.46680219238929,1.74249927592266,1.66147359445442,FALSE,0
28,"N","Hispanic",1,2.03510476672724,2.06568535937137,1.2216875031989,2.10567709762699,2.08327004166687,TRUE,1
20,"N","Hispanic",1,2.03510476672724,2.06568535937137,1.86314028485382,2.10567709762699,2.05714401566061,TRUE,1
87,"N","Caucasian",0,-1.62998099961927,-2.07448274491914,-1.70494930539012,-1.29968759219369,-0.669499944900159,TRUE,1
57,"R","Caucasian",0,-2.20418503402838,-2.25798156033038,-1.99685581142291,-1.19265869392095,-1.61638282641934,FALSE,1
23,"D","Hispanic",1,0.423595387096253,0.624820507530763,1.06598205723318,0.895923252713298,1.18970261839941,TRUE,1
46,"D","Caucasian",0,0.940238378771624,NA,NA,NA,NA,TRUE,1
62,"D","Hispanic",1,-0.907017334904262,-1.99230211573179,-0.539539899520052,-1.77404992572331,-1.83992097137523,TRUE,0
54,"D","Caucasian",0,0.432102858024804,-0.0961481004795024,-0.0213130465999309,0.0242335012548508,-0.0304401299463182,FALSE,0
58,"R","Hispanic",1,-0.0845401336505679,-0.360406482164378,-0.492458943437089,-0.261913387218094,-0.351310102735748,FALSE,0
53,"D","Hispanic",1,0.687477102869628,1.06734309638099,0.567597394787869,0.461560815009634,0.581173523474987,TRUE,1
57,"D","Hispanic",0,0.248414833403298,0.66797987274865,0.63394654240228,0.56673732299571,0.462795863121228,TRUE,1
